H3MeK4_N,CaNA_N,grade,H3MeK4_N_normalized,CaNA_N_standardized,0,1,2,3,4,5,6,7,H3MeK4_N_discretized,CaNA_N_discretized
0.128185603,1.67565235,0,-0.3920676994906874,1.065900907990189,0,0,0,0,0,1,0,0,0.0,2.0
0.1311187,1.743609645,3,-0.3670956467463479,1.280291183929141,0,0,0,0,0,1,0,0,0.0,2.0
0.127431075,1.926426587,3,-0.3984916646759783,1.8570383108077968,0,0,0,0,0,1,0,0,0.0,3.0
0.146901093,1.700563438,2,-0.2327261559221797,1.144489895828206,0,0,0,0,0,1,0,0,0.0,2.0
0.148379919,1.839730218,0,-0.2201356003177451,1.583530389799241,0,0,0,0,0,1,0,0,1.0,3.0
0.14218043,1.816388575,2,-0.2729173413566377,1.5098926547534524,0,0,0,0,0,1,0,0,0.0,3.0
0.157498978,1.528483858,0,-0.1424969738670193,0.6016167776492243,0,0,0,0,0,1,0,0,1.0,2.0
0.159409283,1.652658228,1,-0.1262328553541383,0.9933595250444152,0,0,0,0,0,1,0,0,1.0,2.0
0.158235497,1.834599448,1,-0.1362263352501553,1.567343942176815,0,0,0,0,0,1,0,0,1.0,3.0
0.192333633,1.516861511,3,0.154081298856614,0.5649508364814921,0,0,0,0,0,1,0,0,1.0,2.0
0.193054604,1.613548092,1,0.1602195635778758,0.8699756727434974,0,0,0,0,0,1,0,0,1.0,2.0
0.195528744,1.722971374,3,0.1812841088611994,1.2151819912428687,0,0,0,0,0,1,0,0,1.0,2.0
0.214088398,1.426933702,3,0.3392988825303595,0.2812484350528393,0,0,0,0,0,1,0,0,2.0,2.0
0.22528477,1.500070314,3,0.4346235145248848,0.5119783136908879,0,0,0,0,0,1,0,0,2.0,2.0
0.224212034,1.613896848,0,0.425490362783653,0.8710759209961001,0,0,0,0,0,1,0,0,2.0,2.0
0.163994829,1.297220427,1,-0.0871920406202256,-0.1279683358647654,0,0,0,0,0,1,0,0,1.0,1.0
0.15820598,1.363189369,2,-0.1364776396157643,0.0801491249432421,0,0,0,0,0,1,0,0,1.0,2.0
0.15854319,1.404481451,2,-0.1336066722028493,0.2104165355880274,0,0,0,0,0,1,0,0,1.0,2.0
0.195738683,1.170038136,0,0.1830715055211441,-0.5292004105381032,0,0,0,0,0,1,0,0,1.0,1.0
0.16997737,1.272986338,1,-0.0362573700664822,-0.2044215411878898,0,0,0,0,0,1,0,0,1.0,1.0
0.159939582,1.279936226,0,-0.1217179502561241,-0.1824961775302453,0,0,0,0,0,1,0,0,1.0,1.0
0.239907346,1.178248401,1,0.5591184559230429,-0.5032988354550763,0,0,0,0,0,1,0,0,2.0,1.0
0.197067118,1.219966159,2,0.1943816493341264,-0.371688510924437,0,0,0,0,0,1,0,0,1.0,1.0
0.183547103,1.246130031,0,0.0792737863196191,-0.2891472659011994,0,0,0,0,0,1,0,0,1.0,1.0
0.233123804,1.077480186,0,0.5013641543716647,-0.8212003266743133,0,0,0,0,0,1,0,0,2.0,1.0
0.206741266,1.144377729,1,0.276746240110547,-0.6101533345389164,0,0,0,0,0,1,0,0,2.0,1.0
0.243806306,1.238457207,2,0.5923137558971215,-0.3133533331761114,0,0,0,0,0,1,0,0,2.0,1.0
0.267758702,0.981414396,0,0.7962417188200347,-1.1242667042632593,0,0,0,0,0,1,0,0,2.0,1.0
0.217620723,0.994403582,0,0.3693726940034027,-1.083288687543165,0,0,0,0,0,1,0,0,2.0,1.0
0.208285574,1.030948092,3,0.2898943019814995,-0.9679988193553012,0,0,0,0,0,1,0,0,2.0,1.0
0.101787008,1.649982724,3,-0.616822321215253,0.984918900077872,0,0,0,0,0,1,0,0,0.0,2.0
0.101787008,1.63898847,1,-0.616822321215253,0.9502344537825486,0,0,0,0,0,1,0,0,0.0,2.0
0.101787008,1.564924819,2,-0.616822321215253,0.71657997158257,0,0,0,0,0,1,0,0,0.0,2.0
0.101787008,1.68222208,1,-0.616822321215253,1.086626957011776,0,0,0,0,0,1,0,0,0.0,2.0
0.101787008,1.660352255,0,-0.616822321215253,1.0176324831074424,0,0,0,0,0,1,0,0,0.0,2.0
0.101787008,1.61081609,1,-0.616822321215253,0.8613568090490876,0,0,0,0,0,1,0,0,0.0,2.0
0.101787008,1.727380518,2,-0.616822321215253,1.229091868009072,0,0,0,0,0,1,0,0,0.0,2.0
0.101787008,1.650846275,3,-0.616822321215253,0.9876432130037666,0,0,0,0,0,1,0,0,0.0,2.0
0.101787008,1.555326991,1,-0.616822321215253,0.6863009412984101,0,0,0,0,0,1,0,0,0.0,2.0
0.101787008,1.655576382,3,-0.616822321215253,1.002565657238058,0,0,0,0,0,1,0,0,0.0,2.0
0.101787008,1.681702521,3,-0.616822321215253,1.0849878629693104,0,0,0,0,0,1,0,0,0.0,2.0
0.101787008,1.585792952,2,-0.616822321215253,0.7824143281766743,0,0,0,0,0,1,0,0,0.0,2.0
0.101787008,1.615575808,3,-0.616822321215253,0.8763726694568865,0,0,0,0,0,1,0,0,0.0,2.0
0.101787008,1.561913696,3,-0.616822321215253,0.7070805427007092,0,0,0,0,0,1,0,0,0.0,2.0
0.101787008,1.530457516,0,-0.616822321215253,0.6078432332965412,0,0,0,0,0,1,0,0,0.0,2.0
0.101787008,1.680398751,0,-0.616822321215253,1.080874756200406,0,0,0,0,0,1,0,0,0.0,2.0
0.101787008,1.720906651,0,-0.616822321215253,1.2086682456073554,0,0,0,0,0,1,0,0,0.0,2.0
0.101787008,1.645763881,1,-0.616822321215253,0.9716093809907284,0,0,0,0,0,1,0,0,0.0,2.0
0.101787008,1.699259836,0,-0.616822321215253,1.1403773190622446,0,0,0,0,0,1,0,0,0.0,2.0
0.101787008,1.705363309,1,-0.616822321215253,1.159632430094194,0,0,0,0,0,1,0,0,0.0,2.0
0.101787008,1.68242681,0,-0.616822321215253,1.087272835003137,0,0,0,0,0,1,0,0,0.0,2.0
0.101787008,1.653051034,3,-0.616822321215253,0.9945987413306208,0,0,0,0,0,1,0,0,0.0,2.0
0.101787008,1.653808878,1,-0.616822321215253,0.996989571988002,0,0,0,0,0,1,0,0,0.0,2.0
0.101787008,1.607118742,2,-0.616822321215253,0.8496924916573737,0,0,0,0,0,1,0,0,0.0,2.0
0.101787008,1.739865311,1,-0.616822321215253,1.2684786360714368,0,0,0,0,0,1,0,0,0.0,2.0
0.101787008,1.718461944,2,-0.616822321215253,1.2009557342674049,0,0,0,0,0,1,0,0,0.0,2.0
0.101787008,1.690157637,0,-0.616822321215253,1.111661888948947,0,0,0,0,0,1,0,0,0.0,2.0
0.101787008,1.73015873,1,-0.616822321215253,1.2378565140606397,0,0,0,0,0,1,0,0,0.0,2.0
0.101787008,1.633585331,1,-0.616822321215253,0.9331887420433378,0,0,0,0,0,1,0,0,0.0,2.0
0.101787008,1.613042782,0,-0.616822321215253,0.8683815311530363,0,0,0,0,0,1,0,0,0.0,2.0
0.101787008,1.817861857,2,-0.616822321215253,1.514540534491984,0,0,0,0,0,1,0,0,0.0,3.0
0.101787008,1.769404892,3,-0.616822321215253,1.361669498387411,0,0,0,0,0,1,0,0,0.0,3.0
0.101787008,1.723144672,3,-0.616822321215253,1.2157287082073926,0,0,0,0,0,1,0,0,0.0,2.0
0.101787008,1.682969895,3,-0.616822321215253,1.088986148386319,0,0,0,0,0,1,0,0,0.0,2.0
0.101787008,1.753591759,1,-0.616822321215253,1.3117825517788189,0,0,0,0,0,1,0,0,0.0,3.0
0.101787008,1.72409726,3,-0.616822321215253,1.2187339132288126,0,0,0,0,0,1,0,0,0.0,2.0
0.101787008,1.626290753,0,-0.616822321215253,0.9101759574662264,0,0,0,0,0,1,0,0,0.0,2.0
0.101787008,1.61497516,0,-0.616822321215253,0.8744777575057533,0,0,0,0,0,1,0,0,0.0,2.0
0.101787008,1.586359293,3,-0.616822321215253,0.7842010091101269,0,0,0,0,0,1,0,0,0.0,2.0
0.101787008,1.538291402,2,-0.616822321215253,0.6325574156549516,0,0,0,0,0,1,0,0,0.0,2.0
0.101787008,1.577964912,2,-0.616822321215253,0.7577185886587737,0,0,0,0,0,1,0,0,0.0,2.0
0.101787008,1.547757181,0,-0.616822321215253,0.6624198604710249,0,0,0,0,0,1,0,0,0.0,2.0
0.101787008,1.392008639,3,-0.616822321215253,0.1710675649379346,0,0,0,0,0,1,0,0,0.0,2.0
0.101787008,1.379272727,3,-0.616822321215253,0.1308885718215343,0,0,0,0,0,1,0,0,0.0,2.0
0.101787008,1.374519495,1,-0.616822321215253,0.1158931733130757,0,0,0,0,0,1,0,0,0.0,2.0
0.14351664,1.627181412,0,-0.2615410020819687,0.9129857901527328,0,0,0,0,0,1,0,0,0.0,2.0
0.145719399,1.562096053,0,-0.2427869636266879,0.7076558388120306,0,0,0,0,0,1,0,0,0.0,2.0
0.142878773,1.571868376,0,-0.2669717288420703,0.7384853623316846,0,0,0,0,0,1,0,0,0.0,2.0
0.141681217,1.646607633,3,-0.2771675838023052,0.9742712324388186,0,0,0,0,0,1,0,0,0.0,2.0
0.146408153,1.607631121,1,-0.2369229907625531,0.8513089343835792,0,0,0,0,0,1,0,0,0.0,2.0
0.142138599,1.506520119,0,-0.2732734857113414,0.5323260257901175,0,0,0,0,0,1,0,0,0.0,2.0
0.150856768,1.54136263,3,-0.1990479909179316,0.6422464625540585,0,0,0,0,0,1,0,0,1.0,2.0
0.17000412,1.485702513,3,-0.0360296236227363,0.4666510707359413,0,0,0,0,0,1,0,0,1.0,2.0
0.156126979,1.509004104,1,-0.1541780165987057,0.5401624505562624,0,0,0,0,0,1,0,0,1.0,2.0
0.165660142,1.397438567,2,-0.0730137560043966,0.1881977900631203,0,0,0,0,0,1,0,0,1.0,2.0
0.174166667,1.388229167,1,-0.0005901740461311,0.1591441644408499,0,0,0,0,0,1,0,0,1.0,2.0
0.173702495,1.405726919,0,-0.0045420814213203,0.2143457124069855,0,0,0,0,0,1,0,0,1.0,2.0
0.101787008,0.820333253,0,-0.616822321215253,-1.6324421797045894,0,0,0,0,0,1,0,0,0.0,0.0
0.115148655,0.788461538,3,-0.5030627852588062,-1.7329904103764788,0,0,0,0,0,1,0,0,0.0,0.0
0.112689507,0.790975289,2,-0.5239996903670032,-1.7250600804460154,0,0,0,0,0,1,0,0,0.0,0.0
0.152813959,1.633226837,0,-0.1823846903578933,0.9320577725487098,0,0,0,0,0,1,0,0,1.0,2.0
0.152452283,1.582556173,2,-0.1854639584995067,0.7722030043892367,0,0,0,0,0,1,0,0,1.0,2.0
0.15371068,1.567437992,3,-0.1747501102165081,0.724508478050526,0,0,0,0,0,1,0,0,1.0,2.0
0.149079563,1.606365055,1,-0.2141789112378201,0.8473147754180561,0,0,0,0,0,1,0,0,1.0,2.0
0.147383845,1.396849625,0,-0.2286160605498018,0.1863398079599179,0,0,0,0,0,1,0,0,0.0,2.0
0.151171439,1.593467212,0,-0.1963689179758796,0.8066249257148378,0,0,0,0,0,1,0,0,1.0,2.0
0.15643378,1.593664236,3,-0.1515659479374866,0.8072464929759625,0,0,0,0,0,1,0,0,1.0,2.0
0.156937132,1.537163208,1,-0.1472804665187101,0.6289982124380977,0,0,0,0,0,1,0,0,1.0,2.0
0.154835673,1.540591419,3,-0.1651720483477689,0.6398134619601245,0,0,0,0,0,1,0,0,1.0,2.0
0.161871227,1.386720322,0,-0.1052721454213914,0.1543840912816826,0,0,0,0,0,1,0,0,1.0,2.0
0.16436313,1.373371781,1,-0.0840563679855352,0.1122723888018764,0,0,0,0,0,1,0,0,1.0,2.0
0.164849586,1.370280638,0,-0.0799147371803486,0.1025205144705523,0,0,0,0,0,1,0,0,1.0,2.0
0.220638643,1.153526971,1,0.3950669200785026,-0.5812894941372013,0,0,0,0,0,1,0,0,2.0,1.0
0.212491027,1.14626705,3,0.3256990483399871,-0.6041929435238341,0,0,0,0,0,1,0,0,2.0,1.0
0.214771266,1.060260886,0,0.3451127426629842,-0.8755234200004323,0,0,0,0,0,1,0,0,2.0,1.0
0.162684331,1.712404385,2,-0.0983494708645551,1.1818454717779032,0,0,0,0,0,1,0,0,1.0,2.0
0.162424622,1.616023181,3,-0.1005606036181529,0.8777840325918914,0,0,0,0,0,1,0,0,1.0,2.0
0.158177792,1.670120215,1,-0.1367176290272148,1.048448242324472,0,0,0,0,0,1,0,0,1.0,2.0
0.188162812,1.576911423,1,0.1185714053893339,0.7543950632387485,0,0,0,0,0,1,0,0,1.0,2.0
0.184813463,1.558191403,3,0.0900554306748254,0.6953375293362773,0,0,0,0,0,1,0,0,1.0,2.0
0.184348001,1.585392807,3,0.0860925403870218,0.7811519589642802,0,0,0,0,0,1,0,0,1.0,2.0
0.245123537,1.530039012,2,0.6035285101341888,0.606522945488712,0,0,0,0,0,1,0,0,2.0,2.0
0.244712991,1.590568764,3,0.6000331683960949,0.7974809616045136,0,0,0,0,0,1,0,0,2.0,2.0
0.219259065,1.571466106,1,0.383321350606736,0.7372162892130151,0,0,0,0,0,1,0,0,2.0,2.0
0.258953597,1.459669885,2,0.7212760608552798,0.3845238715833552,0,0,0,0,0,1,0,0,2.0,2.0
0.25185302,1.498028702,3,0.6608225595359426,0.5055374781626305,0,0,0,0,0,1,0,0,2.0,2.0
0.280166881,1.500320924,0,0.9018835371605824,0.5127689329621972,0,0,0,0,0,1,0,0,2.0,2.0
0.315198984,1.455546147,2,1.2001428595972887,0.3715143877932785,0,0,0,0,0,1,0,0,2.0,2.0
0.309838473,1.405496119,0,1.154504081395063,0.2136175893160545,0,0,0,0,0,1,0,0,2.0,2.0
0.310145548,1.423587329,0,1.1571184828609773,0.2706913663692694,0,0,0,0,0,1,0,0,2.0,2.0
0.101787008,1.620141162,0,-0.616822321215253,0.8907753543168265,0,0,0,0,0,1,0,0,0.0,2.0
0.101787008,1.633793283,2,-0.616822321215253,0.933844784734002,0,0,0,0,0,1,0,0,0.0,2.0
0.101787008,1.626736292,1,-0.616822321215253,0.9115815347357684,0,0,0,0,0,1,0,0,0.0,2.0
0.101787008,1.676654265,1,-0.616822321215253,1.06906172881623,0,0,0,0,0,1,0,0,0.0,2.0
0.101787008,1.642885533,0,-0.616822321215253,0.9625288279468162,0,0,0,0,0,1,0,0,0.0,2.0
0.101787008,1.600065746,3,-0.616822321215253,0.8274418450029374,0,0,0,0,0,1,0,0,0.0,2.0
0.101787008,1.653171738,2,-0.616822321215253,0.9949795358261484,0,0,0,0,0,1,0,0,0.0,2.0
0.101787008,1.4021101,2,-0.616822321215253,0.2029354462474625,0,0,0,0,0,1,0,0,0.0,2.0
0.101787008,1.545307305,0,-0.616822321215253,0.6546910420762342,0,0,0,0,0,1,0,0,0.0,2.0
0.101787008,1.573832216,0,-0.616822321215253,0.7446808443546218,0,0,0,0,0,1,0,0,0.0,2.0
0.101787008,1.572645528,2,-0.616822321215253,0.7409371054701732,0,0,0,0,0,1,0,0,0.0,2.0
0.101787008,1.579311153,2,-0.616822321215253,0.7619656820645705,0,0,0,0,0,1,0,0,0.0,2.0
0.101787008,1.530497592,3,-0.616822321215253,0.6079696642367148,0,0,0,0,0,1,0,0,0.0,2.0
0.101787008,1.529964367,1,-0.616822321215253,0.606287456978649,0,0,0,0,0,1,0,0,0.0,2.0
0.101787008,1.553157216,1,-0.616822321215253,0.6794557797749056,0,0,0,0,0,1,0,0,0.0,2.0
0.134363172,1.461403046,2,-0.3394725828273801,0.3899916122436718,0,0,0,0,0,1,0,0,0.0,2.0
0.13610586,1.449597749,0,-0.3246355363018382,0.3527485041804201,0,0,0,0,0,1,0,0,0.0,2.0
0.137085329,1.449485542,2,-0.3162964491426185,0.3523945158456532,0,0,0,0,0,1,0,0,0.0,2.0
0.142112434,1.575913749,1,-0.2734962515319247,0.7512476218322423,0,0,0,0,0,1,0,0,0.0,2.0
0.156391876,1.612305854,2,-0.1519227138058497,0.8660566858620761,0,0,0,0,0,1,0,0,1.0,2.0
0.153014925,1.538328358,2,-0.1806736887947609,0.6326740036833244,0,0,0,0,0,1,0,0,1.0,2.0
0.147699197,1.599830142,0,-0.2259311896515558,0.8266985663516562,0,0,0,0,0,1,0,0,1.0,2.0
0.151024558,1.537384639,2,-0.1976194460283583,0.629696778400611,0,0,0,0,0,1,0,0,1.0,2.0
0.15725775,1.510111658,2,-0.1445507614981176,0.5436565391258164,0,0,0,0,0,1,0,0,1.0,2.0
0.160335471,1.58677849,2,-0.1183473965414314,0.7855234831800968,0,0,0,0,0,1,0,0,1.0,2.0
0.16287354,1.568771027,3,-0.0967385670561559,0.7287139094392576,0,0,0,0,0,1,0,0,1.0,2.0
0.181400801,1.549184331,0,0.0610004163119852,0.6669222039251939,0,0,0,0,0,1,0,0,1.0,2.0
0.175645268,1.430840503,2,0.0119984659340103,0.2935735304591322,0,0,0,0,0,1,0,0,1.0,2.0
0.181138124,1.455516965,0,0.0587640143454888,0.3714223250201435,0,0,0,0,0,1,0,0,1.0,2.0
0.184081579,1.473049927,1,0.0838242539184008,0.4267349527697788,0,0,0,0,0,1,0,0,1.0,2.0
0.168739983,1.027627261,0,-0.0467923416099257,-0.9784753086628384,0,0,0,1,0,0,0,0,1.0,1.0
0.187049814,0.982182121,3,0.1090954675801362,-1.1218447012303954,0,0,0,1,0,0,0,0,1.0,1.0
0.168764965,0.990036302,2,-0.0465796477161818,-1.097066492623586,0,0,0,1,0,0,0,0,1.0,1.0
0.188779452,1.028679027,2,0.1238214078966731,-0.97515721892776,0,0,0,1,0,0,0,0,1.0,1.0
0.186468488,1.058488563,3,0.1041461244340839,-0.8811147081325297,0,0,0,1,0,0,0,0,1.0,1.0
0.187925998,1.051022395,2,0.1165551980499251,-0.9046688213109104,0,0,0,1,0,0,0,0,1.0,1.0
0.238487458,1.0758767,1,0.5470296917167946,-0.8262589713128948,0,0,0,1,0,0,0,0,2.0,1.0
0.228868018,1.04164607,0,0.4651308786018482,-0.9342490584884384,0,0,0,1,0,0,0,0,2.0,1.0
0.21623996,1.082705823,0,0.3576170355770254,-0.8047145945923231,0,0,0,1,0,0,0,0,2.0,1.0
0.243673404,1.076874105,3,0.5911822434535072,-0.8231123785420544,0,0,0,1,0,0,0,0,2.0,1.0
0.249959839,1.105863454,0,0.6447042328026019,-0.731657376817801,0,0,0,1,0,0,0,0,2.0,1.0
0.252441406,1.127766927,1,0.665832010715372,-0.662556750895428,0,0,0,1,0,0,0,0,2.0,1.0
0.324725498,1.062830419,1,1.2812505113652626,-0.8674171101641707,0,0,0,1,0,0,0,0,2.0,1.0
0.295872497,1.072537801,1,1.0355993573787148,-0.8367924611750547,0,0,0,1,0,0,0,0,2.0,1.0
0.322888566,1.096908072,1,1.265611082191333,-0.7599096316804871,0,0,0,1,0,0,0,0,2.0,1.0
0.210055575,0.927144842,0,0.304963888268463,-1.2954751765419723,0,0,0,1,0,0,0,0,2.0,0.0
0.202982811,0.891220088,0,0.2447471836534211,-1.40880985125348,0,0,0,1,0,0,0,0,2.0,0.0
0.194374686,0.872258497,0,0.1714585909032092,-1.4686294883760516,0,0,0,1,0,0,0,0,1.0,0.0
0.234145246,0.979795712,1,0.5100605948573643,-1.129373295239518,0,0,0,1,0,0,0,0,2.0,1.0
0.235190873,0.947345327,2,0.5189629436698671,-1.2317471021203723,0,0,0,1,0,0,0,0,2.0,0.0
0.221403813,0.930784229,1,0.4015814900359185,-1.283993713320421,0,0,0,1,0,0,0,0,2.0,0.0
0.257560838,1.010128007,1,0.7094182698554756,-1.033681595107668,0,0,0,1,0,0,0,0,2.0,1.0
0.284185983,0.998079824,0,0.9361017123961372,-1.0716909549259628,0,0,0,1,0,0,0,0,2.0,1.0
0.247269252,0.996723102,3,0.621796882490889,-1.075971113574897,0,0,0,1,0,0,0,0,2.0,1.0
0.305637467,1.025151778,0,1.118737196286495,-0.9862849114943252,0,0,0,1,0,0,0,0,2.0,1.0
0.312941582,1.041357918,1,1.180923596883107,-0.9351581144888628,0,0,0,1,0,0,0,0,2.0,1.0
0.282670693,0.983727562,0,0.9232007064618056,-1.116969175763448,0,0,0,1,0,0,0,0,2.0,1.0
0.355460866,1.049338417,0,1.5429279229246775,-0.9099814004548435,0,0,0,1,0,0,0,0,2.0,1.0
0.372005324,1.062555457,1,1.6837855480910158,-0.8682845546239998,0,0,0,1,0,0,0,0,2.0,1.0
0.336609873,1.01310616,1,1.3824327222957262,-1.0242861793033984,0,0,0,1,0,0,0,0,2.0,1.0
0.146803603,0.901526801,3,-0.2335561746437037,-1.3762944451577317,0,0,0,1,0,0,0,0,0.0,0.0
0.150458305,0.898222669,2,-0.2024404593745384,-1.386718252803676,0,0,0,1,0,0,0,0,1.0,0.0
0.165073295,0.886551944,0,-0.0780101043136606,-1.423536815890356,0,0,0,1,0,0,0,0,1.0,0.0
0.148737461,1.006157039,3,-0.217091528579812,-1.0462091232452246,0,0,0,1,0,0,0,0,1.0,1.0
0.152,0.998666667,1,-0.189314644287044,-1.0698395947047703,0,0,0,1,0,0,0,0,1.0,1.0
0.156903917,0.988053001,0,-0.1475632552338134,-1.1033233698088831,0,0,0,1,0,0,0,0,1.0,1.0
0.156263794,0.9511786,3,-0.1530131893201612,-1.2196539713355266,0,0,0,1,0,0,0,0,1.0,0.0
0.162672476,0.981299927,2,-0.0984504029800915,-1.1246278287090816,0,0,0,1,0,0,0,0,1.0,1.0
0.174675749,0.989082766,2,0.0037440919379783,-1.1000746883758998,0,0,0,1,0,0,0,0,1.0,1.0
0.163415414,0.926980066,0,-0.0921251137306142,-1.29599500847625,0,0,0,1,0,0,0,0,1.0,0.0
0.16777373,0.950074995,3,-0.0550189092551063,-1.223135601681137,0,0,0,1,0,0,0,0,1.0,0.0
0.176857111,0.994431451,1,0.02231595877992,-1.0832007669954131,0,0,0,1,0,0,0,0,1.0,1.0
0.162894737,0.872894737,1,-0.0965580982199661,-1.4666222915156792,0,0,0,1,0,0,0,0,1.0,0.0
0.168198529,0.848214286,0,-0.0514022191034534,-1.5444836704918108,0,0,0,1,0,0,0,0,1.0,0.0
0.175611734,0.879005002,1,0.0117129612893536,-1.447345753221886,0,0,0,1,0,0,0,0,1.0,0.0
0.101787008,0.901329475,3,-0.616822321215253,-1.3769169651622422,0,0,0,1,0,0,0,0,0.0,0.0
0.101787008,0.930509413,0,-0.616822321215253,-1.2848606971824543,0,0,0,1,0,0,0,0,0.0,0.0
0.101787008,0.895977932,2,-0.616822321215253,-1.3937999029023211,0,0,0,1,0,0,0,0,0.0,0.0
0.101787008,0.94684345,2,-0.616822321215253,-1.2333304133530725,0,0,0,1,0,0,0,0,0.0,0.0
0.101787008,0.987398073,3,-0.616822321215253,-1.1053895231871207,0,0,0,1,0,0,0,0,0.0,1.0
0.101787008,0.984663688,1,-0.616822321215253,-1.1140159047208962,0,0,0,1,0,0,0,0,0.0,1.0
0.101787008,1.105637379,2,-0.616822321215253,-0.7323705935759564,0,0,0,1,0,0,0,0,0.0,1.0
0.101787008,1.081227743,3,-0.616822321215253,-0.8093776109625281,0,0,0,1,0,0,0,0,0.0,1.0
0.101787008,1.068778587,1,-0.616822321215253,-0.8486519521505794,0,0,0,1,0,0,0,0,0.0,1.0
0.101787008,1.103787403,0,-0.616822321215253,-0.738206859794623,0,0,0,1,0,0,0,0,0.0,1.0
0.101787008,1.115053538,2,-0.616822321215253,-0.7026646889148743,0,0,0,1,0,0,0,0,0.0,1.0
0.101787008,1.100538972,0,-0.616822321215253,-0.7484549430719019,0,0,0,1,0,0,0,0,0.0,1.0
0.101787008,1.135862913,2,-0.616822321215253,-0.6370157008501326,0,0,0,1,0,0,0,0,0.0,1.0
0.101787008,1.175829619,1,-0.616822321215253,-0.5109295591384747,0,0,0,1,0,0,0,0,0.0,1.0
0.101787008,1.126874554,3,-0.616822321215253,-0.6653719908738651,0,0,0,1,0,0,0,0,0.0,1.0
0.101787008,0.955277835,3,-0.616822321215253,-1.206721789105663,0,0,0,1,0,0,0,0,0.0,0.0
0.101787008,0.971223022,2,-0.616822321215253,-1.1564182412550872,0,0,0,1,0,0,0,0,0.0,0.0
0.101787008,0.919828203,1,-0.616822321215253,-1.3185575587079446,0,0,0,1,0,0,0,0,0.0,0.0
0.101787008,1.0,0,-0.616822321215253,-1.0656332231917705,0,0,0,1,0,0,0,0,0.0,1.0
0.101787008,1.036933265,3,-0.616822321215253,-0.9491169187291454,0,0,0,1,0,0,0,0,0.0,1.0
0.101787008,0.99222395,2,-0.616822321215253,-1.0901649457274467,0,0,0,1,0,0,0,0,0.0,1.0
0.101787008,1.084839098,3,-0.616822321215253,-0.7979845825177743,0,0,0,1,0,0,0,0,0.0,1.0
0.101787008,1.115019831,0,-0.616822321215253,-0.7027710270649005,0,0,0,1,0,0,0,0,0.0,1.0
0.101787008,1.092526082,0,-0.616822321215253,-0.7737338435662268,0,0,0,1,0,0,0,0,0.0,1.0
0.101787008,1.088864388,0,-0.616822321215253,-0.7852856804523772,0,0,0,1,0,0,0,0,0.0,1.0
0.101787008,1.1317485,0,-0.616822321215253,-0.6499957663220852,0,0,0,1,0,0,0,0,0.0,1.0
0.101787008,1.124779152,0,-0.616822321215253,-0.6719825219873101,0,0,0,1,0,0,0,0,0.0,1.0
0.101787008,1.170413816,1,-0.616822321215253,-0.5280152230043039,0,0,0,1,0,0,0,0,0.0,1.0
0.101787008,1.196363636,2,-0.616822321215253,-0.4461492648262135,0,0,0,1,0,0,0,0,0.0,1.0
0.101787008,1.263245033,3,-0.616822321215253,-0.2351532097593872,0,0,0,1,0,0,0,0,0.0,1.0
0.185728124,0.957378108,0,0.0978427499265207,-1.2000958910616466,0,0,0,1,0,0,0,0,1.0,0.0
0.188827485,0.980757707,1,0.1242303553707828,-1.1263384132080618,0,0,0,1,0,0,0,0,1.0,1.0
0.179909042,1.065877475,3,0.0482997506231779,-0.8578043205932875,0,0,0,1,0,0,0,0,1.0,1.0
0.219236565,0.977482002,3,0.3831297881774171,-1.136672539939336,0,0,0,1,0,0,0,0,2.0,1.0
0.20593206,0.996028393,0,0.2698567526803542,-1.078162767233379,0,0,0,1,0,0,0,0,2.0,1.0
0.217575026,1.104691273,0,0.3689836349663993,-0.7353553493171537,0,0,0,1,0,0,0,0,2.0,1.0
0.227177624,0.99922916,0,0.450739057217586,-1.0680650533625389,0,0,0,1,0,0,0,0,2.0,1.0
0.237972988,1.033374261,0,0.5426495529162774,-0.960344791316302,0,0,0,1,0,0,0,0,2.0,1.0
0.241648737,1.093760616,1,0.5739444599387704,-0.7698391611054841,0,0,0,1,0,0,0,0,2.0,1.0
0.246666667,1.020138889,3,0.6166665426477309,-1.0020994705635364,0,0,0,1,0,0,0,0,2.0,1.0
0.253333333,1.070175439,1,0.6734257752884839,-0.8442451922033818,0,0,0,1,0,0,0,0,2.0,1.0
0.249537893,1.109910422,2,0.6411118327669868,-0.7188900854440626,0,0,0,1,0,0,0,0,2.0,1.0
0.296713112,1.030546624,3,1.0427562574463507,-0.9692653623408726,0,0,0,1,0,0,0,0,2.0,1.0
0.3070128,1.049936903,2,1.1304466243132631,-0.9080933091368236,0,0,0,1,0,0,0,0,2.0,1.0
0.291590494,1.135283364,2,0.9991428730662556,-0.6388440501102105,0,0,0,1,0,0,0,0,2.0,1.0
0.19776249,0.643388229,3,0.2003019670941381,-2.1906647005006925,0,0,0,1,0,0,0,0,1.0,0.0
0.215110987,0.701771585,2,0.3480050884430113,-2.0064780903202544,0,0,0,1,0,0,0,0,2.0,0.0
0.186104751,0.752790498,3,0.1010493091739452,-1.8455246733813464,0,0,0,1,0,0,0,0,1.0,0.0
0.239853715,0.714387655,2,0.5586618477165186,-1.9666771722795184,0,0,0,1,0,0,0,0,2.0,0.0
0.205494406,0.627581188,0,0.2661306165274171,-2.240532428193037,0,0,0,1,0,0,0,0,2.0,0.0
0.224938429,0.802243911,3,0.4316748068212093,-1.6895100636298408,0,0,0,1,0,0,0,0,2.0,0.0
0.235166163,0.720483384,1,0.5187525655530464,-1.947446491859424,0,0,0,1,0,0,0,0,2.0,0.0
0.237160302,0.756734108,3,0.5357304371636832,-1.8330834536992564,0,0,0,1,0,0,0,0,2.0,0.0
0.224575761,0.801179444,1,0.4285870929049346,-1.6928682222183769,0,0,0,1,0,0,0,0,2.0,0.0
0.298035098,0.643317834,1,1.0540114952101474,-2.190886781198206,0,0,0,1,0,0,0,0,2.0,0.0
0.280592593,0.752740741,0,0.905508000489923,-1.8456816457411187,0,0,0,1,0,0,0,0,2.0,0.0
0.248175182,0.778489498,3,0.6295098670061231,-1.7644499969782448,0,0,0,1,0,0,0,0,2.0,0.0
0.260217984,0.69015181,1,0.7320409073139064,-2.04313591739531,0,0,0,1,0,0,0,0,2.0,0.0
0.302334707,0.775358054,1,1.0906178749950766,-1.7743290120751136,0,0,0,1,0,0,0,0,2.0,0.0
0.254291417,0.806986028,3,0.6815827930009934,-1.6745497304946744,0,0,0,1,0,0,0,0,2.0,0.0
0.157905701,1.026248177,1,-0.1390341807141382,-0.9828260144892396,0,0,0,1,0,0,0,0,1.0,1.0
0.155061762,0.991166931,0,-0.1632471524330022,-1.0934996075188366,0,0,0,1,0,0,0,0,1.0,1.0
0.150594543,0.995876005,1,-0.2012805446080702,-1.078643517760159,0,0,0,1,0,0,0,0,1.0,1.0
0.169721044,0.991694502,3,-0.0384397003445963,-1.0918352373836304,0,0,0,1,0,0,0,0,1.0,1.0
0.169092846,0.987040653,0,-0.0437881063434052,-1.1065171044486486,0,0,0,1,0,0,0,0,1.0,1.0
0.165391459,0.983807829,1,-0.0753012923686927,-1.1167159510834663,0,0,0,1,0,0,0,0,1.0,1.0
0.180733945,0.961697248,1,0.0553228805179493,-1.1864699570626702,0,0,0,1,0,0,0,0,1.0,0.0
0.186837954,0.941852603,0,0.1072917157456704,-1.2490754347742323,0,0,0,1,0,0,0,0,1.0,0.0
0.181040383,0.974218572,0,0.0579318586386421,-1.146967941753188,0,0,0,1,0,0,0,0,1.0,1.0
0.221571278,0.95253117,3,0.4030072679126238,-1.2153869113307585,0,0,0,1,0,0,0,0,2.0,0.0
0.197063142,0.939353891,1,0.1943477981243942,-1.2569583199769463,0,0,0,1,0,0,0,0,1.0,0.0
0.208941743,0.970344724,1,0.295480849878552,-1.1591890777131395,0,0,0,1,0,0,0,0,2.0,0.0
0.204215374,0.890187744,2,0.2552410842120188,-1.4120666688625965,0,0,0,1,0,0,0,0,2.0,0.0
0.214446562,0.889485536,0,0.3423482499052276,-1.4142819802119746,0,0,0,1,0,0,0,0,2.0,0.0
0.211234745,0.930904523,2,0.3150032069253444,-1.283614212284457,0,0,0,1,0,0,0,0,2.0,0.0
0.101787008,1.061007348,1,-0.616822321215253,-0.8731684970424493,0,0,0,1,0,0,0,0,0.0,1.0
0.101787008,1.084656901,0,-0.616822321215253,-0.7985593738643876,0,0,0,1,0,0,0,0,0.0,1.0
0.101787008,1.025930018,1,-0.616822321215253,-0.9838297359558236,0,0,0,1,0,0,0,0,0.0,1.0
0.101787008,1.145109093,3,-0.616822321215253,-0.6078460424406678,0,0,0,1,0,0,0,0,0.0,1.0
0.101787008,1.166873964,3,-0.616822321215253,-0.5391826752559425,0,0,0,1,0,0,0,0,0.0,1.0
0.101787008,1.1522385,0,-0.616822321215253,-0.5853543359357065,0,0,0,1,0,0,0,0,0.0,1.0
0.101787008,0.997838422,2,-0.616822321215253,-1.0724525249883412,0,0,0,1,0,0,0,0,0.0,1.0
0.101787008,0.977702243,0,-0.616822321215253,-1.1359777281643375,0,0,0,1,0,0,0,0,0.0,1.0
0.101787008,1.005197228,1,-0.616822321215253,-1.0492371152384203,0,0,0,1,0,0,0,0,0.0,1.0
0.101787008,1.094440608,1,-0.616822321215253,-0.7676939363357772,0,0,0,1,0,0,0,0,0.0,1.0
0.101787008,1.097678418,1,-0.616822321215253,-0.7574793599707538,0,0,0,1,0,0,0,0,0.0,1.0
0.101787008,1.061207189,3,-0.616822321215253,-0.8725380427676882,0,0,0,1,0,0,0,0,0.0,1.0
0.101787008,1.144940747,2,-0.616822321215253,-0.6083771369374874,0,0,0,1,0,0,0,0,0.0,1.0
0.101787008,1.091343025,3,-0.616822321215253,-0.7774661274465887,0,0,0,1,0,0,0,0,0.0,1.0
0.101787008,1.104803493,3,-0.616822321215253,-0.7350013199702552,0,0,0,1,0,0,0,0,0.0,1.0
0.101787008,1.011715311,0,-0.616822321215253,-1.028674001109717,0,0,0,1,0,0,0,0,0.0,1.0
0.101787008,1.009781122,3,-0.616822321215253,-1.03477594076797,0,0,0,1,0,0,0,0,0.0,1.0
0.101787008,0.960229165,1,-0.616822321215253,-1.1911014351029792,0,0,0,1,0,0,0,0,0.0,0.0
0.101787008,1.183037684,0,-0.616822321215253,-0.4881897039936232,0,0,0,1,0,0,0,0,0.0,1.0
0.101787008,1.108152503,3,-0.616822321215253,-0.7244359321333451,0,0,0,1,0,0,0,0,0.0,1.0
0.101787008,1.066423791,3,-0.616822321215253,-0.8560808141177886,0,0,0,1,0,0,0,0,0.0,1.0
0.101787008,1.163785154,2,-0.616822321215253,-0.5489271894868728,0,0,0,1,0,0,0,0,0.0,1.0
0.101787008,1.16327464,0,-0.616822321215253,-0.5505377485494529,0,0,0,1,0,0,0,0,0.0,1.0
0.101787008,1.140143328,0,-0.616822321215253,-0.6235119356843293,0,0,0,1,0,0,0,0,0.0,1.0
0.101787008,1.331730089,3,-0.616822321215253,-0.0190979642771394,0,0,0,1,0,0,0,0,0.0,1.0
0.101787008,1.275132275,0,-0.616822321215253,-0.1976515832962812,0,0,0,1,0,0,0,0,0.0,1.0
0.101787008,1.261455897,2,-0.616822321215253,-0.2407975391979309,0,0,0,1,0,0,0,0,0.0,1.0
0.101787008,1.400758786,1,-0.616822321215253,0.1986723486456496,0,0,0,1,0,0,0,0,0.0,2.0
0.101787008,1.362204724,1,-0.616822321215253,0.0770427871578439,0,0,0,1,0,0,0,0,0.0,2.0
0.101787008,1.340517241,2,-0.616822321215253,0.0086235620431403,0,0,0,1,0,0,0,0,0.0,1.0
0.101787008,1.399614922,3,-0.616822321215253,0.195063710035231,0,0,0,0,1,0,0,0,0.0,2.0
0.101787008,1.41097815,3,-0.616822321215253,0.2309121879135401,0,0,0,0,1,0,0,0,0.0,2.0
0.101787008,1.332265701,1,-0.616822321215253,-0.0174082265605888,0,0,0,0,1,0,0,0,0.0,1.0
0.101787008,1.394424074,2,-0.616822321215253,0.1786877295746026,0,0,0,0,1,0,0,0,0.0,2.0
0.101787008,1.366823022,3,-0.616822321215253,0.0916124986595792,0,0,0,0,1,0,0,0,0.0,2.0
0.101787008,1.32032767,3,-0.616822321215253,-0.0550700811158324,0,0,0,0,1,0,0,0,0.0,1.0
0.101787008,1.387826391,2,-0.616822321215253,0.1578734950037924,0,0,0,0,1,0,0,0,0.0,2.0
0.101787008,1.357283045,2,-0.616822321215253,0.0615159755198449,0,0,0,0,1,0,0,0,0.0,1.0
0.101787008,1.261413905,2,-0.616822321215253,-0.2409300146954806,0,0,0,0,1,0,0,0,0.0,1.0
0.101787008,1.392473753,3,-0.616822321215253,0.1725348970146907,0,0,0,0,1,0,0,0,0.0,2.0
0.101787008,1.347836149,0,-0.616822321215253,0.0317131024036241,0,0,0,0,1,0,0,0,0.0,1.0
0.101787008,1.30577957,0,-0.616822321215253,-0.1009661276460464,0,0,0,0,1,0,0,0,0.0,1.0
0.101787008,1.29728929,3,-0.616822321215253,-0.1277510882893291,0,0,0,0,1,0,0,0,0.0,1.0
0.101787008,1.294922159,3,-0.616822321215253,-0.1352188644607267,0,0,0,0,1,0,0,0,0.0,1.0
0.101787008,1.202861595,1,-0.616822321215253,-0.4256496374786277,0,0,0,0,1,0,0,0,0.0,1.0
0.182497083,1.7368028,3,0.0703340360070277,1.2588170893845645,0,0,0,0,1,0,0,0,1.0,2.0
0.19393172,1.843909804,1,0.1676872289891815,1.596716061710558,0,0,0,0,1,0,0,0,1.0,3.0
0.179422083,1.770310192,3,0.0441538373334605,1.364525520199455,0,0,0,0,1,0,0,0,1.0,3.0
0.190597359,1.763358779,3,0.1392988603942564,1.3425953455031905,0,0,0,0,1,0,0,0,1.0,3.0
0.1915828,1.807502287,3,0.1476887924791601,1.4818583762202502,0,0,0,0,1,0,0,0,1.0,3.0
0.191651184,1.707094752,3,0.1482710060421173,1.165094750843461,0,0,0,0,1,0,0,0,1.0,2.0
0.205046087,1.760818622,0,0.2623136797829829,1.3345817104672713,0,0,0,0,1,0,0,0,2.0,3.0
0.187356848,1.733852497,3,0.1117095199767344,1.2495095341872375,0,0,0,0,1,0,0,0,1.0,2.0
0.184458168,1.601308631,1,0.0870304896381668,0.831362873026645,0,0,0,0,1,0,0,0,1.0,2.0
0.210144217,1.793780045,0,0.305718576128893,1.438567729515124,0,0,0,0,1,0,0,0,2.0,3.0
0.211953842,1.81605681,1,0.3211255166247155,1.5088460093580338,0,0,0,0,1,0,0,0,2.0,3.0
0.208399209,1.771640316,1,0.2908617773884169,1.368721768025285,0,0,0,0,1,0,0,0,2.0,3.0
0.232003408,1.7320744,3,0.491825230835707,1.2439000303587489,0,0,0,0,1,0,0,0,2.0,2.0
0.258420606,1.743136145,2,0.7167382363768333,1.27879739587214,0,0,0,0,1,0,0,0,2.0,2.0
0.273763717,1.763146644,3,0.8473677304420677,1.341926106370198,0,0,0,0,1,0,0,0,2.0,3.0
0.139980878,1.604071762,1,-0.2916440757803262,0.8400799418497269,0,0,0,0,1,0,0,0,0.0,2.0
0.147179114,1.56109586,3,-0.2303591168927737,0.7045004505161571,0,0,0,0,1,0,0,0,0.0,2.0
0.144876922,1.522221596,1,-0.2499597165495858,0.5818607223474058,0,0,0,0,1,0,0,0,0.0,2.0
0.157284256,1.620553665,1,-0.1443250924424943,0.8920767102933362,0,0,0,0,1,0,0,0,1.0,2.0
0.159059686,1.520531217,2,-0.1292092842698077,0.576527949460383,0,0,0,0,1,0,0,0,1.0,2.0
0.158394608,1.499770221,2,-0.1348716823749846,0.5110315864693677,0,0,0,0,1,0,0,0,1.0,2.0
0.18287037,1.514593398,2,0.0735121588760553,0.5577954402590445,0,0,0,0,1,0,0,0,1.0,2.0
0.175147929,1.515384615,1,0.0077641785102337,0.5602915553701245,0,0,0,0,1,0,0,0,1.0,2.0
0.183442525,1.421580306,2,0.078383421175917,0.2643596515064894,0,0,0,0,1,0,0,0,1.0,2.0
0.207746934,1.469076824,1,0.2853083825624652,0.4142006891781534,0,0,0,0,1,0,0,0,2.0,2.0
0.202552439,1.395628001,3,0.2410830456164973,0.1824858537015317,0,0,0,0,1,0,0,0,2.0,2.0
0.193305754,1.370690736,0,0.1623578259833609,0.1038142832025478,0,0,0,0,1,0,0,0,1.0,2.0
0.23730738,1.3513382,0,0.5369826424516545,0.0427613008382779,0,0,0,0,1,0,0,0,2.0,1.0
0.235700197,1.362426036,3,0.5232992700143275,0.0777409777016056,0,0,0,0,1,0,0,0,2.0,2.0
0.231555051,1.340197827,0,0.4880079705636146,0.0076158813283801,0,0,0,0,1,0,0,0,2.0,1.0
0.115270078,1.746002657,1,-0.5020290037096874,1.2878406089467969,0,0,0,0,1,0,0,0,0.0,3.0
0.127500679,1.789942971,3,-0.3978990641724092,1.42646260741369,0,0,0,0,1,0,0,0,0.0,3.0
0.121050347,1.689105903,2,-0.4528164538538624,1.1083439001668098,0,0,0,0,1,0,0,0,0.0,2.0
0.141725746,1.842434694,0,-0.2767884689838545,1.592062415035241,0,0,0,0,1,0,0,0,0.0,3.0
0.13958243,1.810544576,1,-0.2950364165286466,1.4914561269576223,0,0,0,0,1,0,0,0,0.0,3.0
0.123796172,1.741375107,0,-0.429438813521229,1.273241709425836,0,0,0,0,1,0,0,0,0.0,2.0
0.137073921,1.760424257,3,-0.3163935755512261,1.3333375758799446,0,0,0,0,1,0,0,0,0.0,3.0
0.136323799,1.838180225,0,-0.3227800285559135,1.5786405037763578,0,0,0,0,1,0,0,0,0.0,3.0
0.137736141,1.716630536,1,-0.3107555101315155,1.1951780459930732,0,0,0,0,1,0,0,0,0.0,2.0
0.145300865,1.683336687,0,-0.2463503142841327,1.0901432962406028,0,0,0,0,1,0,0,0,0.0,2.0
0.152592143,1.604394492,2,-0.184273206438861,0.841098083813055,0,0,0,0,1,0,0,0,1.0,2.0
0.143042653,1.585256218,3,-0.2655764732457697,0.7807210507976113,0,0,0,0,1,0,0,0,0.0,2.0
0.132506203,1.503349876,3,-0.3552826047300324,0.5223246084063983,0,0,0,0,1,0,0,0,0.0,2.0
0.17244713,1.42223565,1,-0.0152301156027326,0.2664271172729669,0,0,0,0,1,0,0,0,1.0,2.0
0.144660194,1.410194175,0,-0.2518049139798703,0.228438919715045,0,0,0,0,1,0,0,0,0.0,2.0
0.101787008,2.009125097,2,-0.616822321215253,2.1179338685053217,0,0,0,0,1,0,0,0,0.0,3.0
0.101787008,2.038111428,2,-0.616822321215253,2.209379349105275,0,0,0,0,1,0,0,0,0.0,3.0
0.101787008,2.051218436,3,-0.616822321215253,2.2507290682465984,0,0,0,0,1,0,0,0,0.0,3.0
0.101787008,1.9707905,3,-0.616822321215253,1.996996670683682,0,0,0,0,1,0,0,0,0.0,3.0
0.101787008,2.074491122,2,-0.616822321215253,2.324149259167684,0,0,0,0,1,0,0,0,0.0,3.0
0.101787008,2.028409091,0,-0.616822321215253,2.1787706159783498,0,0,0,0,1,0,0,0,0.0,3.0
0.101787008,1.996931089,1,-0.616822321215253,2.079464462977604,0,0,0,0,1,0,0,0,0.0,3.0
0.101787008,1.963313056,0,-0.616822321215253,1.973406984212524,0,0,0,0,1,0,0,0,0.0,3.0
0.101787008,2.027102543,3,-0.616822321215253,2.1746487452322065,0,0,0,0,1,0,0,0,0.0,3.0
0.101787008,1.558172194,2,-0.616822321215253,0.6952769291783325,0,0,0,0,1,0,0,0,0.0,2.0
0.101787008,1.672922252,3,-0.616822321215253,1.057288050995802,0,0,0,0,1,0,0,0,0.0,2.0
0.101787008,1.742002064,0,-0.616822321215253,1.2752196204688204,0,0,0,0,1,0,0,0,0.0,2.0
0.101787008,1.52708272,1,-0.616822321215253,0.5971964963174178,0,0,0,0,1,0,0,0,0.0,2.0
0.101787008,1.665583936,0,-0.616822321215253,1.034137282676268,0,0,0,0,1,0,0,0,0.0,2.0
0.101787008,1.77817615,1,-0.616822321215253,1.389340882643534,0,0,0,0,1,0,0,0,0.0,3.0
0.157750274,1.363659048,0,-0.1403574684342153,0.0816308585880655,0,0,0,0,1,0,0,0,1.0,2.0
0.134223079,1.294631077,1,-0.3406653186234049,-0.1361371639648617,0,0,0,0,1,0,0,0,0.0,1.0
0.128884441,1.531549563,1,-0.3861178726026751,0.6112884007015755,0,0,0,0,1,0,0,0,0.0,2.0
0.152431869,1.27793715,0,-0.1856377609631562,-0.188802821360947,0,0,0,0,1,0,0,0,1.0,1.0
0.145121709,1.348345162,1,-0.2478756279991122,0.03331892614229,0,0,0,0,1,0,0,0,0.0,1.0
0.134933043,1.42505608,1,-0.3346207662425656,0.275324951802233,0,0,0,0,1,0,0,0,0.0,2.0
0.179460498,1.205555111,1,0.0444808982544506,-0.4171521886251086,0,0,0,0,1,0,0,0,1.0,1.0
0.155341378,1.279744067,3,-0.1608665337558287,-0.1831023967894751,0,0,0,0,1,0,0,0,1.0,1.0
0.174938575,1.335708436,1,0.0059817624734513,-0.0065471570222167,0,0,0,0,1,0,0,0,1.0,1.0
0.158949881,1.026348449,2,-0.1301441514943122,-0.982509678446892,0,0,0,0,1,0,0,0,1.0,1.0
0.151529729,1.082836252,3,-0.1933184778514072,-0.8043031198669022,0,0,0,0,1,0,0,0,1.0,1.0
0.152843245,1.148931903,3,-0.1821353526998921,-0.5957859201129297,0,0,0,0,1,0,0,0,1.0,1.0
0.185623294,1.004549591,1,0.0969502392836101,-1.051280267119882,0,0,0,0,1,0,0,0,1.0,1.0
0.17824892,1.069362649,1,0.0341656615882643,-0.846809365370963,0,0,0,0,1,0,0,0,1.0,1.0
0.241374626,1.083537082,0,0.5716107102026371,-0.8020921558035695,0,0,0,0,1,0,0,0,2.0,1.0
0.18674976,2.077083943,3,0.1065408421060552,2.332329037507159,0,0,0,0,1,0,0,0,1.0,3.0
0.16377681,1.963431671,1,-0.0890482294770103,1.973781188373835,0,0,0,0,1,0,0,0,1.0,3.0
0.156672641,2.024808538,2,-0.1495323126739526,2.167411665460928,0,0,0,0,1,0,0,0,1.0,3.0
0.164085875,2.068762795,3,-0.0864168853784587,2.3060776510173224,0,0,0,0,1,0,0,0,1.0,3.0
0.153614918,2.115555103,1,-0.1755654169434603,2.453697061471203,0,0,0,0,1,0,0,0,1.0,3.0
0.148161138,2.01583325,0,-0.2219982767554692,2.13909661155904,0,0,0,0,1,0,0,0,1.0,3.0
0.177850209,2.103875859,0,0.0307710816879922,2.416851622818614,0,0,0,0,1,0,0,0,1.0,3.0
0.183063512,2.129791061,3,0.0751565477970993,2.498608368842624,0,0,0,0,1,0,0,0,1.0,3.0
0.153726498,2.067361017,1,-0.1746154375717541,2.301655350626685,0,0,0,0,1,0,0,0,1.0,3.0
0.195906702,2.059279063,0,0.1845020000905535,2.2761585684462595,0,0,0,0,1,0,0,0,1.0,3.0
0.209558489,1.94583523,1,0.3007317548577803,1.9182682983811787,0,0,0,0,1,0,0,0,2.0,3.0
0.188647148,1.887545886,1,0.1226949867567356,1.734378275323898,0,0,0,0,1,0,0,0,1.0,3.0
0.207611668,1.901663628,3,0.2841567432929437,1.778916637290997,0,0,0,0,1,0,0,0,2.0,3.0
0.21727179,1.903447486,1,0.3664019183078698,1.7845443158037433,0,0,0,0,1,0,0,0,2.0,3.0
0.218379337,1.896020397,3,0.375831446925858,1.7611134882504522,0,0,0,0,1,0,0,0,2.0,3.0
0.151651652,1.691236691,2,-0.1922804393594146,1.1150660663049328,0,0,0,0,1,0,0,0,1.0,2.0
0.166213789,1.756827707,1,-0.0683000687019497,1.3219912539445553,0,0,0,0,1,0,0,0,1.0,3.0
0.138187641,1.802844763,2,-0.3069114907165186,1.467164915340851,0,0,0,0,1,0,0,0,0.0,3.0
0.144001479,1.864933144,0,-0.2574131382300358,1.6630400621546375,0,0,0,0,1,0,0,0,0.0,3.0
0.146341463,1.896805745,0,-0.237490781803054,1.7635910879610954,0,0,0,0,1,0,0,0,0.0,3.0
0.14920893,1.856356701,2,-0.2130774953803232,1.6359832762518918,0,0,0,0,1,0,0,0,1.0,3.0
0.14105735,1.805765961,0,-0.2824791161619417,1.4763806506830588,0,0,0,0,1,0,0,0,0.0,3.0
0.154940711,1.842608696,1,-0.1642777668166228,1.5926113529644794,0,0,0,0,1,0,0,0,1.0,3.0
0.18823813,1.888487186,1,0.1192126542360642,1.7373478691951862,0,0,0,0,1,0,0,0,1.0,3.0
0.141840562,1.683623425,3,-0.2758109386778695,1.0910478913829225,0,0,0,0,1,0,0,0,0.0,2.0
0.160313572,1.691229789,0,-0.1185338421254161,1.1150442920173522,0,0,0,0,1,0,0,0,1.0,2.0
0.16739595,1.735219294,1,-0.0582352850127976,1.2538214772388634,0,0,0,0,1,0,0,0,1.0,2.0
0.150575941,1.510628191,1,-0.2014389199107453,0.5452860868057461,0,0,0,0,1,0,0,0,1.0,2.0
0.171676929,1.56899674,0,-0.021787518919344,0.7294259841672618,0,0,0,0,1,0,0,0,1.0,2.0
0.22405334,1.571392628,3,0.4241392601988389,0.7369844823305391,0,0,0,0,1,0,0,0,2.0,2.0
0.101787008,1.412825458,0,-0.616822321215253,0.2367400371807042,0,0,0,0,1,0,0,0,0.0,2.0
0.101787008,1.530694828,0,-0.616822321215253,0.6085919003110772,0,0,0,0,1,0,0,0,0.0,2.0
0.101787008,1.521328428,3,-0.616822321215253,0.5790429743193262,0,0,0,0,1,0,0,0,0.0,2.0
0.101787008,1.452389866,0,-0.616822321215253,0.3615570174398699,0,0,0,0,1,0,0,0,0.0,2.0
0.101787008,1.49535364,2,-0.616822321215253,0.497098247608592,0,0,0,0,1,0,0,0,0.0,2.0
0.101787008,1.472335543,0,-0.616822321215253,0.4244812288261411,0,0,0,0,1,0,0,0,0.0,2.0
0.101787008,1.413659359,1,-0.616822321215253,0.2393708108966941,0,0,0,0,1,0,0,0,0.0,2.0
0.101787008,1.527948134,0,-0.616822321215253,0.5999266865973792,0,0,0,0,1,0,0,0,0.0,2.0
0.101787008,1.433219178,1,-0.616822321215253,0.3010777254041945,0,0,0,0,1,0,0,0,0.0,2.0
0.101787008,1.428478684,3,-0.616822321215253,0.2861225124760321,0,0,0,0,1,0,0,0,0.0,2.0
0.101787008,1.43107221,1,-0.616822321215253,0.2943045149350001,0,0,0,0,1,0,0,0,0.0,2.0
0.101787008,1.367338098,3,-0.616822321215253,0.0932374498258896,0,0,0,0,1,0,0,0,0.0,2.0
0.101787008,1.421178582,0,-0.616822321215253,0.2630923008973854,0,0,0,0,1,0,0,0,0.0,2.0
0.101787008,1.47791654,0,-0.616822321215253,0.442088043324047,0,0,0,0,1,0,0,0,0.0,2.0
0.101787008,1.453512706,0,-0.616822321215253,0.3650993299676899,0,0,0,0,1,0,0,0,0.0,2.0
0.179059422,0.959882428,3,0.0410661830143857,-1.192195313855926,1,0,0,0,0,0,0,0,1.0,0.0
0.17180265,0.934615999,1,-0.0207171446892824,-1.2719053241690488,1,0,0,0,0,0,0,0,1.0,0.0
0.164061266,0.870124743,1,-0.0866264035928189,-1.4753610115899445,1,0,0,0,0,0,0,0,1.0,0.0
0.177889253,1.000482346,2,0.0311034978431176,-1.0641115279559894,1,0,0,0,0,0,0,0,1.0,1.0
0.173394848,0.983756248,1,-0.0071613528298821,-1.1168786777609068,1,0,0,0,0,0,0,0,1.0,1.0
0.17591898,0.890003751,2,0.0143288186297305,-1.4126471261930544,1,0,0,0,0,0,0,0,1.0,0.0
0.191304348,0.974770361,1,0.1453180839649969,-1.1452271691699047,1,0,0,0,0,0,0,0,1.0,1.0
0.188955582,0.928331333,2,0.1253209585933807,-1.2917320591490704,1,0,0,0,0,0,0,0,1.0,0.0
0.195124954,0.950141573,0,0.1778462869352156,-1.222925562776683,1,0,0,0,0,0,0,0,1.0,0.0
0.224601513,0.993720818,0,0.4288063424907041,-1.085442657361434,1,0,0,0,0,0,0,0,2.0,1.0
0.209391471,0.980674014,2,0.2993097826880042,-1.126602446162348,1,0,0,0,0,0,0,0,2.0,1.0
0.220180529,0.98420374,0,0.3911665898231719,-1.1154669392071508,1,0,0,0,0,0,0,0,2.0,1.0
0.196041822,0.903472741,0,0.185652396332756,-1.370155433686474,1,0,0,0,0,0,0,0,1.0,0.0
0.210340338,0.885623954,0,0.3073883279155787,-1.4264644196475185,1,0,0,0,0,0,0,0,2.0,0.0
0.217907021,0.89879472,3,0.371810202465141,-1.3849135580797152,1,0,0,0,0,0,0,0,2.0,0.0
0.166484998,1.170672939,3,-0.0659910262622556,-0.5271977470957628,1,0,0,0,0,0,0,0,1.0,1.0
0.162102957,1.163774716,0,-0.103299222677123,-0.5489601190744944,1,0,0,0,0,0,0,0,1.0,1.0
0.165003137,1.154622711,1,-0.078607421509934,-0.5778326761317562,1,0,0,0,0,0,0,0,1.0,1.0
0.185223477,1.270876412,2,0.0935462430257013,-0.2110778923176803,1,0,0,0,0,0,0,0,1.0,1.0
0.182363767,1.299591902,0,0.0691989988147138,-0.1204868553315525,1,0,0,0,0,0,0,0,1.0,1.0
0.168799173,1.246920448,1,-0.0462884047125312,-0.2866536746136588,1,0,0,0,0,0,0,0,1.0,1.0
0.193424601,1.377722464,0,0.1633696757627943,0.125997834008207,1,0,0,0,0,0,0,0,1.0,2.0
0.197420021,1.33880289,0,0.1973862251560769,0.0032151627837789,1,0,0,0,0,0,0,0,1.0,1.0
0.186759509,1.317605487,0,0.1066238439782076,-0.0636579680310828,1,0,0,0,0,0,0,0,1.0,1.0
0.199354005,1.364470284,0,0.2138519439695729,0.0841901292284233,1,0,0,0,0,0,0,0,1.0,2.0
0.22740297,1.393592081,3,0.4526576273152426,0.1760629751777526,1,0,0,0,0,0,0,0,2.0,2.0
0.207787151,1.342245295,1,0.2856507855055726,0.0140751912449413,1,0,0,0,0,0,0,0,2.0,1.0
0.239925499,1.417710803,1,0.5592730084910172,0.2521522230631324,1,0,0,0,0,0,0,0,2.0,2.0
0.231901421,1.42683553,2,0.4909569251699766,0.2809387240472811,1,0,0,0,0,0,0,0,2.0,2.0
0.242242414,1.438539345,3,0.5789989580876898,0.3178616787850827,1,0,0,0,0,0,0,0,2.0,2.0
0.101787008,1.158784033,1,-0.616822321215253,-0.5647046231118288,1,0,0,0,0,0,0,0,0.0,1.0
0.101787008,1.089650528,1,-0.616822321215253,-0.7828055821564306,1,0,0,0,0,0,0,0,0.0,1.0
0.101787008,1.041056369,0,-0.616822321215253,-0.9361094350692232,1,0,0,0,0,0,0,0,0.0,1.0
0.101787008,1.193726401,3,-0.616822321215253,-0.4544691595390017,1,0,0,0,0,0,0,0,0.0,1.0
0.101787008,1.149662488,1,-0.616822321215253,-0.5934810855878528,1,0,0,0,0,0,0,0,0.0,1.0
0.101787008,1.09943662,0,-0.616822321215253,-0.7519326204788948,1,0,0,0,0,0,0,0,0.0,1.0
0.101787008,1.208780881,2,-0.616822321215253,-0.4069755958043438,1,0,0,0,0,0,0,0,0.0,1.0
0.101787008,1.241538671,1,-0.616822321215253,-0.3036319939548259,1,0,0,0,0,0,0,0,0.0,1.0
0.101787008,1.156965777,2,-0.616822321215253,-0.570440819727184,1,0,0,0,0,0,0,0,0.0,1.0
0.101787008,1.259828213,2,-0.616822321215253,-0.2459325231890009,1,0,0,0,0,0,0,0,0.0,1.0
0.101787008,1.314201378,0,-0.616822321215253,-0.0743971810594455,1,0,0,0,0,0,0,0,0.0,1.0
0.101787008,1.290897205,1,-0.616822321215253,-0.1479167065202374,1,0,0,0,0,0,0,0,0.0,1.0
0.101787008,1.297473513,1,-0.616822321215253,-0.1271699053596039,1,0,0,0,0,0,0,0,0.0,1.0
0.101787008,1.302050963,3,-0.616822321215253,-0.1127290602877577,1,0,0,0,0,0,0,0,0.0,1.0
0.101787008,1.300828157,3,-0.616822321215253,-0.116586743495422,1,0,0,0,0,0,0,0,0.0,1.0
0.101787008,1.12545542,2,-0.616822321215253,-0.6698490456161759,1,0,0,0,0,0,0,0,0.0,1.0
0.101787008,1.101112097,1,-0.616822321215253,-0.7466468601148407,1,0,0,0,0,0,0,0,0.0,1.0
0.101787008,1.083817829,0,-0.616822321215253,-0.801206460944776,1,0,0,0,0,0,0,0,0.0,1.0
0.101787008,1.159500942,3,-0.616822321215253,-0.562442933350147,1,0,0,0,0,0,0,0,0.0,1.0
0.101787008,1.177479022,3,-0.616822321215253,-0.5057260564931068,1,0,0,0,0,0,0,0,0.0,1.0
0.101787008,1.172317905,2,-0.616822321215253,-0.5220082422066963,1,0,0,0,0,0,0,0,0.0,1.0
0.101787008,1.203796317,1,-0.616822321215253,-0.4227007957463867,1,0,0,0,0,0,0,0,0.0,1.0
0.101787008,1.175906913,1,-0.616822321215253,-0.510685713617719,1,0,0,0,0,0,0,0,0.0,1.0
0.101787008,1.194562838,2,-0.616822321215253,-0.451830385302394,1,0,0,0,0,0,0,0,0.0,1.0
0.101787008,1.213914373,2,-0.616822321215253,-0.3907805608723269,1,0,0,0,0,0,0,0,0.0,1.0
0.101787008,1.212947449,1,-0.616822321215253,-0.3938309928115612,1,0,0,0,0,0,0,0,0.0,1.0
0.101787008,1.20661157,1,-0.616822321215253,-0.413819293510196,1,0,0,0,0,0,0,0,0.0,1.0
0.101787008,1.185213127,1,-0.616822321215253,-0.4813266611803473,1,0,0,0,0,0,0,0,0.0,1.0
0.101787008,1.210486751,1,-0.616822321215253,-0.4015939522292728,1,0,0,0,0,0,0,0,0.0,1.0
0.101787008,1.196952596,2,-0.616822321215253,-0.4442912259369817,1,0,0,0,0,0,0,0,0.0,1.0
0.156298701,0.967012987,0,-0.1527159951103732,-1.1696999730450686,1,0,0,0,0,0,0,0,1.0,0.0
0.162401385,0.924187031,3,-0.1007584407812675,-1.3048064178232106,1,0,0,0,0,0,0,0,1.0,0.0
0.159211035,0.909887843,1,-0.1279207161758091,-1.3499172018975758,1,0,0,0,0,0,0,0,1.0,0.0
0.195911844,0.98384926,3,0.1845457784910672,-1.1165852454171736,1,0,0,0,0,0,0,0,1.0,1.0
0.168248773,0.919394435,3,-0.0509744474279561,-1.3199260010688934,1,0,0,0,0,0,0,0,1.0,0.0
0.173029251,0.917534292,0,-0.0102740039175113,-1.3257943419299576,1,0,0,0,0,0,0,0,1.0,0.0
0.199138638,0.914581624,2,0.2120183339377908,-1.3351093581806208,1,0,0,0,0,0,0,0,1.0,0.0
0.175357359,0.893597745,2,0.0095472416023328,-1.4013088678738712,1,0,0,0,0,0,0,0,1.0,0.0
0.179856115,0.89352518,2,0.0478491361922201,-1.4015377944427334,1,0,0,0,0,0,0,0,1.0,0.0
0.19113466,0.931119152,3,0.1438733797202749,-1.2829371051315828,1,0,0,0,0,0,0,0,1.0,0.0
0.201456311,0.943025038,3,0.2317507370598598,-1.2453766609609058,1,0,0,0,0,0,0,0,1.0,0.0
0.189268792,0.913305161,1,0.1279875927483555,-1.339136317387809,1,0,0,0,0,0,0,0,1.0,0.0
0.201234145,0.904696606,0,0.2298592411188805,-1.3662944095674,1,0,0,0,0,0,0,0,1.0,0.0
0.204959514,0.880398111,1,0.2615766071521646,-1.4429508016140704,1,0,0,0,0,0,0,0,2.0,0.0
0.211486026,0.898773006,0,0.3171425846498623,-1.3849820609601162,1,0,0,0,0,0,0,0,2.0,0.0
0.168493902,1.22125531,0,-0.0488874471285567,-0.3676215238759235,1,0,0,0,0,0,0,0,1.0,1.0
0.160995906,1.180659016,0,-0.1127245284077803,-0.4956938768552299,1,0,0,0,0,0,0,0,1.0,1.0
0.152564521,1.142371774,0,-0.1845083769909785,-0.6164816800972721,1,0,0,0,0,0,0,0,1.0,1.0
0.175831261,1.284056369,3,0.0135819890858453,-0.1694980351721964,1,0,0,0,0,0,0,0,1.0,1.0
0.194691084,1.258324084,2,0.1741523673259471,-0.2506777184084071,1,0,0,0,0,0,0,0,1.0,1.0
0.162132851,1.266244916,0,-0.1030447085765872,-0.2256892405982461,1,0,0,0,0,0,0,0,1.0,1.0
0.194730001,1.32636181,3,0.1744837022175829,-0.0360337004056483,1,0,0,0,0,0,0,0,1.0,1.0
0.186046512,1.316590746,0,0.1005534689818963,-0.0668592520580087,1,0,0,0,0,0,0,0,1.0,1.0
0.181901805,1.256755203,3,0.0652659071270264,-0.2556271919050404,1,0,0,0,0,0,0,0,1.0,1.0
0.21166088,1.334635417,0,0.3186312716283559,-0.0099322952843814,1,0,0,0,0,0,0,0,2.0,1.0
0.195289643,1.31816852,2,0.1792484302650861,-0.0618817231079627,1,0,0,0,0,0,0,0,1.0,1.0
0.208481067,1.299673805,0,0.2915587070479358,-0.1202284694324338,1,0,0,0,0,0,0,0,2.0,1.0
0.239905919,1.400627205,2,0.5591063066080812,0.1982572396143334,1,0,0,0,0,0,0,0,2.0,2.0
0.250543371,1.389251136,3,0.6496723575806131,0.1623682512134479,1,0,0,0,0,0,0,0,2.0,2.0
0.220007522,1.311583302,3,0.3896936279916538,-0.0826566333532591,1,0,0,0,0,0,0,0,2.0,1.0
0.205443775,1.268256562,3,0.2656995499781353,-0.2193429411901918,1,0,0,0,0,0,0,0,2.0,1.0
0.201041454,1.28803349,1,0.2282186919603087,-0.1569510956768474,1,0,0,0,0,0,0,0,1.0,1.0
0.195716211,1.255978831,1,0.1828801814806263,-0.258076474315579,1,0,0,0,0,0,0,0,1.0,1.0
0.227790282,1.377532106,2,0.455955157431879,0.125397296506719,1,0,0,0,0,0,0,0,2.0,2.0
0.198639545,1.302701289,1,0.2077691131584129,-0.1106774252044262,1,0,0,0,0,0,0,0,1.0,1.0
0.187360926,1.272299574,1,0.1117442396028129,-0.206588130123852,1,0,0,0,0,0,0,0,1.0,1.0
0.209871353,1.367022618,0,0.3033954432082869,0.0922421800133812,1,0,0,0,0,0,0,0,2.0,2.0
0.203944642,1.341261291,0,0.2529361028958262,0.0109708756731542,1,0,0,0,0,0,0,0,2.0,1.0
0.190011388,1.295835367,3,0.1343099702489073,-0.1323378946530016,1,0,0,0,0,0,0,0,1.0,1.0
0.247493461,1.424585876,1,0.6237057723004507,0.2738415618982117,1,0,0,0,0,0,0,0,2.0,2.0
0.261014042,1.46017794,1,0.7388184541742908,0.3861266730433329,1,0,0,0,0,0,0,0,2.0,2.0
0.222162798,1.429992513,2,0.4080434016099858,0.2908983090558453,1,0,0,0,0,0,0,0,2.0,2.0
0.311126961,1.462624822,2,1.16547412101409,0.3938460460285301,1,0,0,0,0,0,0,0,2.0,2.0
0.31268071,1.380558998,3,1.1787025624803846,0.1349464731053074,1,0,0,0,0,0,0,0,2.0,2.0
0.267345815,1.397301762,3,0.7927264460754058,0.1877662004640955,1,0,0,0,0,0,0,0,2.0,2.0
0.256337183,1.070046498,1,0.6990002109911166,-0.8446519726170204,1,0,0,0,0,0,0,0,2.0,1.0
0.258608842,1.095059937,0,0.7183408561744001,-0.7657400899502346,1,0,0,0,0,0,0,0,2.0,1.0
0.283181712,1.081486665,2,0.927551463842608,-0.8085607691646511,1,0,0,0,0,0,0,0,2.0,1.0
0.343639411,1.110448873,1,1.4422814056854467,-0.7171913913087297,1,0,0,0,0,0,0,0,2.0,1.0
0.330352941,1.099105882,1,1.32916191811784,-0.7529760259158464,1,0,0,0,0,0,0,0,2.0,1.0
0.36601432,1.106921241,2,1.6327788245221908,-0.7283202921558141,1,0,0,0,0,0,0,0,2.0,1.0
0.346058837,1.034807995,0,1.4628801222239816,-0.9558216767944095,1,0,0,0,0,0,0,0,2.0,1.0
0.337522645,1.060235507,3,1.3902039588172448,-0.8756034851474199,1,0,0,0,0,0,0,0,2.0,1.0
0.3382779,1.090740526,3,1.3966341135974742,-0.7793668788944346,1,0,0,0,0,0,0,0,2.0,1.0
0.381637168,0.977876106,0,1.765789967444774,-1.1354292287494392,1,0,0,0,0,0,0,0,2.0,1.0
0.377352572,0.964711418,1,1.7293114066265716,-1.1769609155679064,1,0,0,0,0,0,0,0,2.0,0.0
0.37368756,1.014794782,0,1.6981079131953494,-1.0189589493638225,1,0,0,0,0,0,0,0,2.0,1.0
0.360229446,0.926386233,0,1.583527068222499,-1.2978684206056124,1,0,0,0,0,0,0,0,2.0,0.0
0.355771096,0.942386033,0,1.545569185700125,-1.2473925807863842,1,0,0,0,0,0,0,0,2.0,0.0
0.413902681,0.830387289,1,2.0404948587113,-1.6007239138092186,1,0,0,0,0,0,0,0,2.0,0.0
0.178919878,1.256430472,0,0.0398781213416364,-0.2566516465819953,1,0,0,0,0,0,0,0,1.0,1.0
0.172754342,1.200942928,1,-0.0126145477344712,-0.4317026086506697,1,0,0,0,0,0,0,0,1.0,1.0
0.166318408,1.182587065,0,-0.0674093544889318,-0.4896113075426364,1,0,0,0,0,0,0,0,1.0,1.0
0.178789982,1.295880386,0,0.0387722016385788,-0.1321958696381373,1,0,0,0,0,0,0,0,1.0,1.0
0.183008623,1.2772916,1,0.0746892291223047,-0.1908393892177516,1,0,0,0,0,0,0,0,1.0,1.0
0.178647275,1.268807517,0,0.0375572105452102,-0.2176047996929478,1,0,0,0,0,0,0,0,1.0,1.0
0.188441029,1.22718005,1,0.1209401131403465,-0.3489302760346647,1,0,0,0,0,0,0,0,1.0,1.0
0.186798628,1.238700125,3,0.1069568986747641,-0.3125869804681268,1,0,0,0,0,0,0,0,1.0,1.0
0.193201719,1.182216208,3,0.1614720838796196,-0.4907812795752769,1,0,0,0,0,0,0,0,1.0,1.0
0.199444885,1.213124504,0,0.2146256859063057,-0.3932724233407432,1,0,0,0,0,0,0,0,1.0,1.0
0.202951664,1.191461965,1,0.2444820016540436,-0.4616129556375086,1,0,0,0,0,0,0,0,2.0,1.0
0.199104274,1.093661766,0,0.2117257627679636,-0.7701510110514912,1,0,0,0,0,0,0,0,1.0,1.0
0.243175557,1.09679439,1,0.5869436309757706,-0.7602682733149033,1,0,0,0,0,0,0,0,2.0,1.0
0.223539583,1.076818575,0,0.4197651917988597,-0.8232875634434385,1,0,0,0,0,0,0,0,2.0,1.0
0.223865878,1.060774162,3,0.4225432301488407,-0.8739041474370846,1,0,0,0,0,0,0,0,2.0,1.0
0.123739072,1.829242322,3,-0.4299249563974112,1.550443391303215,0,0,1,0,0,0,0,0,0.0,3.0
0.12838027,1.831980292,1,-0.3904103268938786,1.559081082721223,0,0,1,0,0,0,0,0,0.0,3.0
0.129905203,1.809744268,2,-0.3774272215592839,1.488931331746804,0,0,1,0,0,0,0,0,0.0,3.0
0.133304004,1.795497874,3,-0.3484902181667898,1.4439871010973202,0,0,1,0,0,0,0,0,0.0,3.0
0.133941251,1.823529412,2,-0.3430647700158516,1.5324204203872245,0,0,1,0,0,0,0,0,0.0,3.0
0.140152339,1.805875952,1,-0.2901842764161739,1.4767276480266227,0,0,1,0,0,0,0,0,0.0,3.0
0.136185281,1.811943727,2,-0.3239593549818859,1.495870139742714,0,0,1,0,0,0,0,0,0.0,3.0
0.142981187,1.750795948,0,-0.2660997877471255,1.3029623847641785,0,0,1,0,0,0,0,0,0.0,3.0
0.136889399,1.739986617,1,-0.3179645747771266,1.268861329744177,0,0,1,0,0,0,0,0,0.0,2.0
0.154219078,1.664832285,1,-0.1704216677302496,1.0317659895678564,0,0,1,0,0,0,0,0,1.0,2.0
0.17403935,1.706985343,2,-0.0016741364378457,1.1647495895815214,0,0,1,0,0,0,0,0,1.0,2.0
0.1690467,1.658304387,0,-0.0441809881151094,1.0111719112791118,0,0,1,0,0,0,0,0,1.0,2.0
0.185483871,1.657669519,3,0.0957632077910362,1.009169042776108,0,0,1,0,0,0,0,0,1.0,2.0
0.173265707,1.65117801,1,-0.0082608445492002,0.9886897637558032,0,0,1,0,0,0,0,0,1.0,2.0
0.167288053,1.595396337,1,-0.0591539077432958,0.8127108895700902,0,0,1,0,0,0,0,0,1.0,2.0
0.101787008,1.796278596,1,-0.616822321215253,1.4464501067983506,0,0,1,0,0,0,0,0,0.0,3.0
0.101787008,1.720543145,0,-0.616822321215253,1.2075214643582568,0,0,1,0,0,0,0,0,0.0,2.0
0.101787008,1.690148699,3,-0.616822321215253,1.1116336915304603,0,0,1,0,0,0,0,0,0.0,2.0
0.101787008,1.720201629,0,-0.616822321215253,1.2064440567086798,0,0,1,0,0,0,0,0,0.0,2.0
0.101787008,1.616373635,0,-0.616822321215253,0.878889637659955,0,0,1,0,0,0,0,0,0.0,2.0
0.101787008,1.633189099,2,-0.616822321215253,0.9319387174828276,0,0,1,0,0,0,0,0,0.0,2.0
0.101787008,1.641206878,1,-0.616822321215253,0.9572330416937536,0,0,1,0,0,0,0,0,0.0,2.0
0.101787008,1.607865054,2,-0.616822321215253,0.8520469413984434,0,0,1,0,0,0,0,0,0.0,2.0
0.101787008,1.616376199,1,-0.616822321215253,0.878897726514397,0,0,1,0,0,0,0,0,0.0,2.0
0.101787008,1.698083569,3,-0.616822321215253,1.136666456134168,0,0,1,0,0,0,0,0,0.0,2.0
0.101787008,1.690822002,1,-0.616822321215253,1.1137578139806037,0,0,1,0,0,0,0,0,0.0,2.0
0.101787008,1.648240447,0,-0.616822321215253,0.9794224004483312,0,0,1,0,0,0,0,0,0.0,2.0
0.101787008,1.652437868,0,-0.616822321215253,0.9926643378506652,0,0,1,0,0,0,0,0,0.0,2.0
0.101787008,1.520331187,0,-0.616822321215253,0.5758968989323113,0,0,1,0,0,0,0,0,0.0,2.0
0.101787008,1.565064043,1,-0.616822321215253,0.7170191925930196,0,0,1,0,0,0,0,0,0.0,2.0
0.101787008,1.695750098,0,-0.616822321215253,1.1293048698381631,0,0,1,0,0,0,0,0,0.0,2.0
0.101787008,1.626927808,3,-0.616822321215253,0.9121857254718292,0,0,1,0,0,0,0,0,0.0,2.0
0.101787008,1.690736342,3,-0.616822321215253,1.1134875755751912,0,0,1,0,0,0,0,0,0.0,2.0
0.101787008,1.590965042,1,-0.616822321215253,0.7987311312848779,0,0,1,0,0,0,0,0,0.0,2.0
0.101787008,1.551093582,0,-0.616822321215253,0.672945469694185,0,0,1,0,0,0,0,0,0.0,2.0
0.101787008,1.544695071,3,-0.616822321215253,0.6527595788507013,0,0,1,0,0,0,0,0,0.0,2.0
0.101787008,1.527317753,1,-0.616822321215253,0.5979379735896484,0,0,1,0,0,0,0,0,0.0,2.0
0.101787008,1.504322767,2,-0.616822321215253,0.5253938649144526,0,0,1,0,0,0,0,0,0.0,2.0
0.101787008,1.516119221,1,-0.616822321215253,0.5626090752632634,0,0,1,0,0,0,0,0,0.0,2.0
0.101787008,1.439058729,0,-0.616822321215253,0.3195002207411496,0,0,1,0,0,0,0,0,0.0,2.0
0.101787008,1.451715882,1,-0.616822321215253,0.3594307465849389,0,0,1,0,0,0,0,0,0.0,2.0
0.101787008,1.424500297,2,-0.616822321215253,0.2735715790299325,0,0,1,0,0,0,0,0,0.0,2.0
0.101787008,1.415561671,1,-0.616822321215253,0.2453721856512662,0,0,1,0,0,0,0,0,0.0,2.0
0.101787008,1.402633578,0,-0.616822321215253,0.2045869038704887,0,0,1,0,0,0,0,0,0.0,2.0
0.101787008,1.398355755,2,-0.616822321215253,0.1910913158929508,0,0,1,0,0,0,0,0,0.0,2.0
0.136391865,1.65308182,3,-0.3222005224086239,0.9946958643699508,0,0,1,0,0,0,0,0,0.0,2.0
0.140989155,1.597492501,2,-0.2830597206004925,0.8193238246254558,0,0,1,0,0,0,0,0,0.0,2.0
0.142352037,1.640584166,1,-0.2714562989651663,0.9552685226894216,0,0,1,0,0,0,0,0,0.0,2.0
0.150691603,1.546269238,0,-0.2004541868574176,0.6577257285113669,0,0,1,0,0,0,0,0,1.0,2.0
0.165871703,1.500340699,1,-0.0712125498217694,0.5128313187252963,0,0,1,0,0,0,0,0,1.0,2.0
0.157961783,1.543263106,1,-0.138556704973647,0.6482420451336083,0,0,1,0,0,0,0,0,1.0,2.0
0.19703759,1.493154095,2,0.1941302513157742,0.4901591683016514,0,0,1,0,0,0,0,0,1.0,2.0
0.204378669,1.411081213,1,0.2566313591851571,0.231237328945258,0,0,1,0,0,0,0,0,2.0,2.0
0.192047273,1.450695556,2,0.1516432625339593,0.3562118431149337,0,0,1,0,0,0,0,0,1.0,2.0
0.202893558,1.214261109,1,0.2439872938087992,-0.3896866852741594,0,0,1,0,0,0,0,0,2.0,1.0
0.219076508,1.164981463,1,0.3817670811663294,-0.5451530984695913,0,0,1,0,0,0,0,0,2.0,1.0
0.210307132,1.217768523,3,0.3071056158254473,-0.378621567757458,0,0,1,0,0,0,0,0,2.0,1.0
0.18574279,1.115545075,0,0.0979676145748936,-0.7011139981014125,0,0,1,0,0,0,0,0,1.0,1.0
0.203836501,1.102545715,3,0.2520154027772056,-0.7421241115473608,0,0,1,0,0,0,0,0,2.0,1.0
0.205688454,1.159540403,3,0.2677827190289483,-0.5623184425993182,0,0,1,0,0,0,0,0,2.0,1.0
0.143242203,1.686240534,0,-0.2638775273448556,1.099304293005034,0,0,1,0,0,0,0,0,0.0,2.0
0.152258567,1.658813603,3,-0.1871132343909696,1.0127783754380006,0,0,1,0,0,0,0,0,1.0,2.0
0.163909273,1.800200133,1,-0.087920454629239,1.4588216910342269,0,0,1,0,0,0,0,0,1.0,3.0
0.149065346,1.552644192,1,-0.2142999531514924,0.6778373022159724,0,0,1,0,0,0,0,0,1.0,2.0
0.169304556,1.558673062,3,-0.0419856315918016,0.6968570572385945,0,0,1,0,0,0,0,0,1.0,2.0
0.161916563,1.657414292,0,-0.1048861598971426,1.0083638578882006,0,0,1,0,0,0,0,0,1.0,2.0
0.167801404,1.541636116,0,-0.0547832959809301,0.6431092505594587,0,0,1,0,0,0,0,0,1.0,2.0
0.168804303,1.475796442,0,-0.0462447284786466,0.435399601777961,0,0,1,0,0,0,0,0,1.0,2.0
0.179907298,1.634364558,2,0.0482849024064343,0.9356470313491302,0,0,1,0,0,0,0,0,1.0,2.0
0.185953177,1.326688963,2,0.0997588254556532,-0.0350016048529302,0,0,1,0,0,0,0,0,1.0,1.0
0.211382114,1.347194456,1,0.316257889754068,0.0296887025310559,0,0,1,0,0,0,0,0,2.0,1.0
0.20685297,1.426625474,1,0.2776972752040858,0.2802760437007099,0,0,1,0,0,0,0,0,2.0,2.0
0.187358916,1.211222186,2,0.1117271266924602,-0.3992738170239913,0,0,1,0,0,0,0,0,1.0,1.0
0.188651794,1.225024248,0,0.1227345422699187,-0.3557313558252856,0,0,1,0,0,0,0,0,1.0,1.0
0.224332045,1.23676693,2,0.4265121227260964,-0.318685784275633,0,0,1,0,0,0,0,0,2.0,1.0
0.121228662,1.872618102,2,-0.4512983003167966,1.6872844095230723,0,0,1,0,0,0,0,0,0.0,3.0
0.122583901,1.940550088,3,-0.4397599503102384,1.901594841149596,0,0,1,0,0,0,0,0,0.0,3.0
0.117812408,1.864434362,2,-0.4803838965572418,1.6614665149642522,0,0,1,0,0,0,0,0,0.0,3.0
0.132265477,1.985739389,3,-0.3573321183904854,2.0441571181042386,0,0,1,0,0,0,0,0,0.0,3.0
0.132684984,1.997755713,0,-0.3537604837222082,2.0820659698048822,0,0,1,0,0,0,0,0,0.0,3.0
0.130651238,2.031485468,1,-0.3710755648056465,2.1884759068367083,0,0,1,0,0,0,0,0,0.0,3.0
0.15461325,1.9236906,2,-0.1670657323573854,1.848406875317386,0,0,1,0,0,0,0,0,1.0,3.0
0.160906366,2.00167519,2,-0.1134868617376116,2.094431055195145,0,0,1,0,0,0,0,0,1.0,3.0
0.147053726,1.933968804,3,-0.2314266559988814,1.880832341806552,0,0,1,0,0,0,0,0,0.0,3.0
0.161026135,1.818017584,1,-0.1124671621555192,1.5150318188272582,0,0,1,0,0,0,0,0,1.0,3.0
0.186210305,1.898183615,2,0.1019479838701368,1.767937963885277,0,0,1,0,0,0,0,0,1.0,3.0
0.168495489,1.836625213,1,-0.0488739355918754,1.5737347839155489,0,0,1,0,0,0,0,0,1.0,3.0
0.173114557,1.777359627,0,-0.0095477183799349,1.3867649326843652,0,0,1,0,0,0,0,0,1.0,3.0
0.19634425,1.832140137,0,0.1882272337716014,1.5595853584381634,0,0,1,0,0,0,0,0,1.0,3.0
0.180551393,1.770902008,1,0.0537686536469714,1.3663925691387204,0,0,1,0,0,0,0,0,1.0,3.0
0.172755245,1.654321678,1,-0.0126068596956412,0.9986073428763445,0,0,1,0,0,0,0,0,1.0,2.0
0.169065362,1.648273508,2,-0.0440221019792895,0.9795267006108496,0,0,1,0,0,0,0,0,1.0,2.0
0.180171484,1.631082846,2,0.0505341518265237,0.9252939538578592,0,0,1,0,0,0,0,0,1.0,2.0
0.201804695,1.696719431,2,0.2347168386321175,1.132362901641029,0,0,1,0,0,0,0,0,2.0,2.0
0.187395342,1.679479373,0,0.1120372534946987,1.077974321403638,0,0,1,0,0,0,0,0,1.0,2.0
0.184708098,1.665310734,2,0.0891583651030397,1.0332753906282242,0,0,1,0,0,0,0,0,1.0,2.0
0.216351502,1.549870226,0,0.3585666914210731,0.6690860513578372,0,0,1,0,0,0,0,0,2.0,2.0
0.212855935,1.667700404,3,0.3288058333603364,1.0408142723730471,0,0,1,0,0,0,0,0,2.0,2.0
0.196109604,1.66557561,2,0.1862294845364931,1.0341110159827889,0,0,1,0,0,0,0,0,1.0,2.0
0.234284999,1.391810669,3,0.5112504359322348,0.1704430132554756,0,0,1,0,0,0,0,0,2.0,2.0
0.234244353,1.346312243,0,0.5109043805321418,0.0269055151115608,0,0,1,0,0,0,0,0,2.0,1.0
0.228731004,1.502662683,2,0.4639643570600399,0.5201566660700636,0,0,1,0,0,0,0,0,2.0,2.0
0.275355524,1.322394124,3,0.8609201933721409,-0.0485508745571379,0,0,1,0,0,0,0,0,2.0,1.0
0.264687101,1.462324393,1,0.770090458844123,0.3928982588011242,0,0,1,0,0,0,0,0,2.0,2.0
0.261267146,1.512083605,2,0.7409733527125265,0.5498775969455394,0,0,1,0,0,0,0,0,2.0,2.0
0.134666667,1.93776,0,-0.3368886610724422,1.8927927289375963,0,0,1,0,0,0,0,0,0.0,3.0
0.140480388,2.012505509,2,-0.2873913047105916,2.1285983227256864,0,0,1,0,0,0,0,0,0.0,3.0
0.137452641,1.957265433,1,-0.3131691967409324,1.9543280676113737,0,0,1,0,0,0,0,0,0.0,3.0
0.149282037,1.946491466,3,-0.2124550707349804,1.920338578210902,0,0,1,0,0,0,0,0,1.0,3.0
0.149264142,2.064797377,2,-0.2126074267204321,2.293567631905566,0,0,1,0,0,0,0,0,1.0,3.0
0.150616944,1.975253326,2,-0.2010898250534404,2.0110759023188955,0,0,1,0,0,0,0,0,1.0,3.0
0.168502799,1.932815604,1,-0.0488116990870611,1.877194250175435,0,0,1,0,0,0,0,0,1.0,3.0
0.165352189,1.978152479,3,-0.0756356326619969,2.0202220905487134,0,0,1,0,0,0,0,0,1.0,3.0
0.16903214,1.94634191,0,-0.044304950291593,1.9198667620194496,0,0,1,0,0,0,0,0,1.0,3.0
0.214610778,1.878443114,1,0.3437463661671393,1.7056610375219905,0,0,1,0,0,0,0,0,2.0,3.0
0.220930233,1.918362403,1,0.3975494840236167,1.8315975890577267,0,0,1,0,0,0,0,0,2.0,3.0
0.182055233,1.906483347,3,0.0665721755894942,1.7941217876189814,0,0,1,0,0,0,0,0,1.0,3.0
0.248434876,1.742708811,0,0.6317208720514348,1.2774492513620015,0,0,1,0,0,0,0,0,2.0,2.0
0.242669994,1.866500312,1,0.5826393253556066,1.6679841315141182,0,0,1,0,0,0,0,0,2.0,3.0
0.233313198,1.71987315,1,0.5029766332489272,1.2054077779184462,0,0,1,0,0,0,0,0,2.0,2.0
0.166545145,1.585915664,1,-0.0654789415762005,0.7828014574692842,0,0,1,0,0,0,0,0,1.0,2.0
0.165622529,1.58804209,0,-0.0733339887890175,0.7895098624595618,0,0,1,0,0,0,0,0,1.0,2.0
0.172507572,1.655108474,0,-0.0147155193203822,1.0010895107075926,0,0,1,0,0,0,0,0,1.0,2.0
0.182262997,1.609250765,1,0.0683410545479381,0.8564185539480847,0,0,1,0,0,0,0,0,1.0,2.0
0.192646377,1.580024718,1,0.1567439655408307,0.764216822243861,0,0,1,0,0,0,0,0,1.0,2.0
0.187412912,1.647313826,0,0.1121868424672823,0.9764991155841994,0,0,1,0,0,0,0,0,1.0,2.0
0.202260559,1.579317866,3,0.2385980126445165,0.7619868600988404,0,0,1,0,0,0,0,0,2.0,2.0
0.209649915,1.526632561,3,0.3015101453761314,0.5957763439669398,0,0,1,0,0,0,0,0,2.0,2.0
0.200978923,1.556887424,1,0.2276863101706316,0.6912237632184735,0,0,1,0,0,0,0,0,1.0,2.0
0.236705271,1.487827937,0,0.5318563552181119,0.4733563146372371,0,0,1,0,0,0,0,0,2.0,2.0
0.243763364,1.473509147,1,0.5919481526153525,0.428183690576613,0,0,1,0,0,0,0,0,2.0,2.0
0.229322402,1.489269351,3,0.468999452063341,0.4779036578651016,0,0,1,0,0,0,0,0,2.0,2.0
0.256182921,1.387618603,0,0.6976868419479355,0.1572179696969537,0,0,1,0,0,0,0,0,2.0,2.0
0.278945717,1.396454346,0,0.8914866863856205,0.1850927899041984,0,0,1,0,0,0,0,0,2.0,2.0
0.255019763,1.393201581,1,0.6877838476296431,0.1748310338128976,0,0,1,0,0,0,0,0,2.0,2.0
0.284144953,1.19827182,1,0.9357523876639172,-0.4401293652068676,0,1,0,0,0,0,0,0,2.0,1.0
0.280088587,1.246106997,1,0.9012169509898676,-0.2892199330904391,0,1,0,0,0,0,0,0,2.0,1.0
0.271971336,1.20970795,0,0.832107603392075,-0.4040508975990303,0,1,0,0,0,0,0,0,2.0,1.0
0.291233657,1.202732149,0,0.9961048036177744,-0.4260580110558745,0,1,0,0,0,0,0,0,2.0,1.0
0.287197232,1.268831515,0,0.961739142339416,-0.2175290912963438,0,1,0,0,0,0,0,0,2.0,1.0
0.283627026,1.317276189,1,0.9313428163603712,-0.0646968305856644,0,1,0,0,0,0,0,0,2.0,1.0
0.278089258,1.270127831,1,0.8841948923122012,-0.2134395002532621,0,1,0,0,0,0,0,0,2.0,1.0
0.305088648,1.306009671,2,1.114064614024437,-0.1002402097459321,0,1,0,0,0,0,0,0,2.0,1.0
0.297424143,1.212726479,3,1.0488098941432824,-0.3945281044207597,0,1,0,0,0,0,0,0,2.0,1.0
0.309417665,1.226107551,3,1.150921370161429,-0.3523137738115301,0,1,0,0,0,0,0,0,2.0,1.0
0.294801944,1.301133854,3,1.0264847914500697,-0.1156223368900134,0,1,0,0,0,0,0,0,2.0,1.0
0.316425833,1.254792097,0,1.210588111812725,-0.2618203583198811,0,1,0,0,0,0,0,0,2.0,1.0
0.309433962,1.269433962,0,1.1510601209574558,-0.2156285038970282,0,1,0,0,0,0,0,0,2.0,1.0
0.319396716,1.299732722,2,1.23588187024392,-0.1200425992931432,0,1,0,0,0,0,0,0,2.0,1.0
0.333270747,1.282951558,2,1.3540037850352142,-0.1729834701817917,0,1,0,0,0,0,0,0,2.0,1.0
0.101787008,0.95419426,3,-0.616822321215253,-1.210140229219422,0,1,0,0,0,0,0,0,0.0,0.0
0.101787008,1.058412659,1,-0.616822321215253,-0.8813541685098869,0,1,0,0,0,0,0,0,0.0,1.0
0.101787008,1.099716357,1,-0.616822321215253,-0.7510501119473192,0,1,0,0,0,0,0,0,0.0,1.0
0.101787008,1.061175721,1,-0.616822321215253,-0.8726373173665858,0,1,0,0,0,0,0,0,0.0,1.0
0.101787008,1.092466029,2,-0.616822321215253,-0.7739232975349432,0,1,0,0,0,0,0,0,0.0,1.0
0.101787008,1.206585588,2,-0.616822321215253,-0.4139012609891757,0,1,0,0,0,0,0,0,0.0,1.0
0.101787008,1.042579451,0,-0.616822321215253,-0.931304447315405,0,1,0,0,0,0,0,0,0.0,1.0
0.101787008,1.085847589,3,-0.616822321215253,-0.7948030158622456,0,1,0,0,0,0,0,0,0.0,1.0
0.101787008,1.123616819,2,-0.616822321215253,-0.6756494262189005,0,1,0,0,0,0,0,0,0.0,1.0
0.101787008,1.051519337,1,-0.616822321215253,-0.9031010789146648,0,1,0,0,0,0,0,0,0.0,1.0
0.101787008,1.060047479,2,-0.616822321215253,-0.8761966720128511,0,1,0,0,0,0,0,0,0.0,1.0
0.101787008,1.152578797,0,-0.616822321215253,-0.5842807739622462,0,1,0,0,0,0,0,0,0.0,1.0
0.101787008,1.060863765,1,-0.616822321215253,-0.8736214697364059,0,1,0,0,0,0,0,0,0.0,1.0
0.101787008,1.058920614,0,-0.616822321215253,-0.8797516825278511,0,1,0,0,0,0,0,0,0.0,1.0
0.101787008,1.092349174,2,-0.616822321215253,-0.7742919492844695,0,1,0,0,0,0,0,0,0.0,1.0
0.319762968,0.673695552,0,1.2390000979267135,-2.095051781520605,0,1,0,0,0,0,0,0,2.0,0.0
0.314763671,0.73400142,3,1.1964366544508866,-1.9048000700412413,0,1,0,0,0,0,0,0,2.0,0.0
0.280835802,0.749727117,1,0.9075786541286872,-1.855188964726317,0,1,0,0,0,0,0,0,2.0,0.0
0.342216958,0.751653341,0,1.430170803362256,-1.8491121528861725,0,1,0,0,0,0,0,0,2.0,0.0
0.292793976,0.710708344,1,1.0093891813134306,-1.978284586914772,0,1,0,0,0,0,0,0,2.0,0.0
0.265749584,0.722597038,1,0.7791363177147856,-1.940778379711943,0,1,0,0,0,0,0,0,2.0,0.0
0.325829659,0.673938269,3,1.2906512119661095,-2.0942860629232847,0,1,0,0,0,0,0,0,2.0,0.0
0.338325472,0.708726415,0,1.3970391361702543,-1.9845371357426995,0,1,0,0,0,0,0,0,2.0,0.0
0.265521656,0.661403883,1,0.7771957647641292,-2.133829285961596,0,1,0,0,0,0,0,0,2.0,0.0
0.371375407,0.765855171,2,1.6784225067226066,-1.8043085118269149,0,1,0,0,0,0,0,0,2.0,0.0
0.395820239,0.779384035,3,1.8865430134874763,-1.7616279300571351,0,1,0,0,0,0,0,0,2.0,0.0
0.382081477,0.802673456,2,1.7695727635073606,-1.6881549439023975,0,1,0,0,0,0,0,0,2.0,0.0
0.383317536,0.670900474,1,1.7800964286105316,-2.103869636081928,0,1,0,0,0,0,0,0,2.0,0.0
0.387954111,0.719502868,3,1.8195716984202528,-1.9505398035605823,0,1,0,0,0,0,0,0,2.0,0.0
0.340367861,0.735140368,3,1.414427802768208,-1.901206940326468,0,1,0,0,0,0,0,0,2.0,0.0
0.201123327,1.019478967,2,0.2289157493281137,-1.0041813789102152,0,1,0,0,0,0,0,0,1.0,1.0
0.210668589,1.035021325,1,0.3101830194260818,-0.955148667700006,0,1,0,0,0,0,0,0,2.0,1.0
0.202164784,1.006387887,1,0.2377825952370494,-1.0454808487248817,0,1,0,0,0,0,0,0,2.0,1.0
0.207662367,1.083568648,2,0.2845883887864562,-0.8019925720362895,0,1,0,0,0,0,0,0,2.0,1.0
0.222488593,1.094037584,0,0.4108171830170933,-0.7689653881581312,0,1,0,0,0,0,0,0,2.0,1.0
0.203440367,1.042966361,0,0.2486427631605049,-0.93008383160868,0,1,0,0,0,0,0,0,2.0,1.0
0.240371569,0.795637199,1,0.5630707975064054,-1.7103527827040652,0,1,0,0,0,0,0,0,2.0,0.0
0.238153846,1.044512821,2,0.544189357264799,-0.9252050914214994,0,1,0,0,0,0,0,0,2.0,1.0
0.23614532,1.010570608,1,0.5270889963799127,-1.0322852865800718,0,1,0,0,0,0,0,0,2.0,1.0
0.248014348,1.143991801,0,0.6281405447058094,-0.611370852252247,0,1,0,0,0,0,0,0,2.0,1.0
0.244876783,1.160311284,1,0.6014276747704497,-0.5598864830825938,0,1,0,0,0,0,0,0,2.0,1.0
0.249186727,1.139492518,2,0.6381220455645795,-0.6255650976809012,0,1,0,0,0,0,0,0,2.0,1.0
0.316394326,1.156401508,3,1.2103198648144786,-0.5722209639576711,0,1,0,0,0,0,0,0,2.0,1.0
0.31385553,1.17314931,0,1.1887048457342646,-0.519385342820148,0,1,0,0,0,0,0,0,2.0,1.0
0.311863173,1.161208151,0,1.1717421458680295,-0.5570570655254272,0,1,0,0,0,0,0,0,2.0,1.0
0.101787008,0.944237918,0,-0.616822321215253,-1.2415502920937986,0,1,0,0,0,0,0,0,0.0,0.0
0.101787008,0.91365989,2,-0.616822321215253,-1.33801722563771,0,1,0,0,0,0,0,0,0.0,0.0
0.101787008,0.887000222,0,-0.616822321215253,-1.4221225976799736,0,1,0,0,0,0,0,0,0.0,0.0
0.101787008,1.08123138,0,-0.616822321215253,-0.8093661370297649,0,1,0,0,0,0,0,0,0.0,1.0
0.101787008,1.086551792,0,-0.616822321215253,-0.7925814107279171,0,1,0,0,0,0,0,0,0.0,1.0
0.101787008,1.04956411,1,-0.616822321215253,-0.909269388822428,0,1,0,0,0,0,0,0,0.0,1.0
0.101787008,1.10076713,3,-0.616822321215253,-0.7477351549082081,0,1,0,0,0,0,0,0,0.0,1.0
0.101787008,1.075570952,2,-0.616822321215253,-0.827223538812054,0,1,0,0,0,0,0,0,0.0,1.0
0.101787008,1.043089119,2,-0.616822321215253,-0.9296965571962166,0,1,0,0,0,0,0,0,0.0,1.0
0.101787008,0.935244345,3,-0.616822321215253,-1.2699230311374452,0,1,0,0,0,0,0,0,0.0,0.0
0.101787008,0.889996562,1,-0.616822321215253,-1.4126698059023295,0,1,0,0,0,0,0,0,0.0,0.0
0.101787008,0.586478779,0,-0.616822321215253,-2.37020146236024,0,1,0,0,0,0,0,0,0.0,0.0
0.101787008,1.075310227,0,-0.616822321215253,-0.8280460686772322,0,1,0,0,0,0,0,0,0.0,1.0
0.101787008,1.056414542,1,-0.616822321215253,-0.8876577869071219,0,1,0,0,0,0,0,0,0.0,1.0
0.101787008,1.015289256,2,-0.616822321215253,-1.0173989929631944,0,1,0,0,0,0,0,0,0.0,1.0
0.16912608,1.062237174,3,-0.0435051558644726,-0.8692886672832317,0,1,0,0,0,0,0,0,1.0,1.0
0.175543478,1.076086957,0,0.0111318375037722,-0.8255956568556597,0,1,0,0,0,0,0,0,1.0,1.0
0.171406432,1.035102673,1,-0.024090499472386,-0.954892032703468,0,1,0,0,0,0,0,0,1.0,1.0
0.188072481,1.08213859,2,0.1178023375758764,-0.8065040895890216,0,1,0,0,0,0,0,0,1.0,1.0
0.186823105,1.062976334,2,0.1071652930562057,-0.8669567805245986,0,1,0,0,0,0,0,0,1.0,1.0
0.186632911,1.07321519,1,0.1055460030703456,-0.8346554482961869,0,1,0,0,0,0,0,0,1.0,1.0
0.206422592,1.086092715,2,0.2740330860838475,-0.7940296974012943,0,1,0,0,0,0,0,0,2.0,1.0
0.206731392,1.114174757,3,0.2766621740026762,-0.7054370491313882,0,1,0,0,0,0,0,0,2.0,1.0
0.220642848,1.070943783,2,0.395102720968071,-0.841821236362055,0,1,0,0,0,0,0,0,2.0,1.0
0.234800134,1.171313403,1,0.515636236466774,-0.5251772244471052,0,1,0,0,0,0,0,0,2.0,1.0
0.238465439,1.19553828,0,0.5468422244665202,-0.44875308095203,0,1,0,0,0,0,0,0,2.0,1.0
0.242424242,1.195530726,0,0.5805470209053867,-0.4487769121557946,0,1,0,0,0,0,0,0,2.0,1.0
0.290640394,1.248661384,1,0.9910538302175548,-0.2811614055433249,0,1,0,0,0,0,0,0,2.0,1.0
0.295246216,1.249840119,3,1.0302672724988835,-0.2774427566196313,0,1,0,0,0,0,0,0,2.0,1.0
0.290695187,1.265026738,3,0.9915203315593176,-0.229532323486739,0,1,0,0,0,0,0,0,2.0,1.0
0.101787008,1.024573643,1,-0.616822321215253,-0.988108799896298,0,1,0,0,0,0,0,0,0.0,1.0
0.101787008,1.000387447,0,-0.616822321215253,-1.0644109133684951,0,1,0,0,0,0,0,0,0.0,1.0
0.101787008,0.967634098,3,-0.616822321215253,-1.1677405048425935,0,1,0,0,0,0,0,0,0.0,0.0
0.101787008,1.065451695,0,-0.616822321215253,-0.8591475625762018,0,1,0,0,0,0,0,0,0.0,1.0
0.101787008,1.031219224,2,-0.616822321215253,-0.967143457700664,0,1,0,0,0,0,0,0,0.0,1.0
0.101787008,1.022062397,3,-0.616822321215253,-0.9960312271043056,0,1,0,0,0,0,0,0,0.0,1.0
0.101787008,1.135901261,3,-0.616822321215253,-0.636894721368802,0,1,0,0,0,0,0,0,0.0,1.0
0.101787008,1.13243206,0,-0.616822321215253,-0.6478392852993957,0,1,0,0,0,0,0,0,0.0,1.0
0.101787008,1.079707198,3,-0.616822321215253,-0.8141745950409497,0,1,0,0,0,0,0,0,0.0,1.0
0.101787008,1.178408884,2,-0.616822321215253,-0.5027925469888638,0,1,0,0,0,0,0,0,0.0,1.0
0.101787008,1.208178439,2,-0.616822321215253,-0.4088761674297624,0,1,0,0,0,0,0,0,0.0,1.0
0.101787008,1.192581765,3,-0.616822321215253,-0.4580802336391357,0,1,0,0,0,0,0,0,0.0,1.0
0.101787008,1.256222222,0,-0.616822321215253,-0.257308629396927,0,1,0,0,0,0,0,0,0.0,1.0
0.101787008,1.260425909,2,-0.616822321215253,-0.2440469241467257,0,1,0,0,0,0,0,0,0.0,1.0
0.101787008,1.213191206,1,-0.616822321215253,-0.3930619932436406,0,1,0,0,0,0,0,0,0.0,1.0
0.166475754,1.049637266,0,-0.0660697286221054,-0.9090385977789266,0,1,0,0,0,0,0,0,1.0,1.0
0.169074046,1.01185951,3,-0.0439481673954581,-1.0282190850716353,0,1,0,0,0,0,0,0,1.0,1.0
0.166063314,1.005776785,0,-0.0695811956598051,-1.0474087407401076,0,1,0,0,0,0,0,0,1.0,1.0
0.183363403,1.051846928,2,0.0777097855078032,-0.902067601568559,0,1,0,0,0,0,0,0,1.0,1.0
0.187272727,1.066602871,1,0.1109933233937689,-0.8555158562186385,0,1,0,0,0,0,0,0,1.0,1.0
0.186442317,1.062179673,2,0.1039233075301861,-0.8694700702548597,0,1,0,0,0,0,0,0,1.0,1.0
0.212443277,1.072008598,3,0.325292510295544,-0.8384619799102796,0,1,0,0,0,0,0,0,2.0,1.0
0.20907579,1.064742219,0,0.2966221107213473,-0.8613858028624293,0,1,0,0,0,0,0,0,2.0,1.0
0.209049884,1.061592877,2,0.2964015499971724,-0.8713212822014189,0,1,0,0,0,0,0,0,2.0,1.0
0.266265632,1.09260725,1,0.7835298914270122,-0.7734777764299848,0,1,0,0,0,0,0,0,2.0,1.0
0.255998729,1.085174003,1,0.6961186523043315,-0.7969280311149652,0,1,0,0,0,0,0,0,2.0,1.0
0.267451233,1.08350798,2,0.7936239628831361,-0.8021839661943508,0,1,0,0,0,0,0,0,2.0,1.0
0.289239482,1.013754045,3,0.9791266255072508,-1.02224224503664,0,1,0,0,0,0,0,0,2.0,1.0
0.30262618,1.033237587,2,1.0930994428155585,-0.9607759676392226,0,1,0,0,0,0,0,0,2.0,1.0
0.293752586,1.029168391,0,1.0175506773298428,-0.973613383449985,0,1,0,0,0,0,0,0,2.0,1.0
0.150246002,0.968327183,0,-0.2042479828603902,-1.1655539745458956,0,1,0,0,0,0,0,0,1.0,0.0
0.150036241,0.93579367,2,-0.2060338640486719,-1.2681900319306614,0,1,0,0,0,0,0,0,1.0,0.0
0.151831825,0.943131417,2,-0.19074646702263,-1.245041058680619,0,1,0,0,0,0,0,0,1.0,0.0
0.150858242,1.000887837,3,-0.1990354414503398,-1.0628322932927976,0,1,0,0,0,0,0,0,1.0,1.0
0.150299576,0.978225924,3,-0.2037918599453536,-1.134325630121089,0,1,0,0,0,0,0,0,1.0,1.0
0.15358061,0.940653691,3,-0.1758575113356855,-1.252857737682353,0,1,0,0,0,0,0,0,1.0,0.0
0.17305811,0.978966934,2,-0.0100283016887243,-1.131987907020522,0,1,0,0,0,0,0,0,1.0,1.0
0.180041937,0.957682043,3,0.0494312034695923,-1.199137043177582,0,1,0,0,0,0,0,0,1.0,0.0
0.163776677,0.935499238,3,-0.0890493618238146,-1.2691188999458651,0,1,0,0,0,0,0,0,1.0,0.0
0.194055305,0.977951029,0,0.1687394175592866,-1.1351928632106962,0,1,0,0,0,0,0,0,1.0,1.0
0.174059382,0.96333694,1,-0.0015035862785517,-1.1812970904802835,0,1,0,0,0,0,0,0,1.0,0.0
0.174305305,0.954529051,3,0.0005901740461309,-1.2090840374614675,0,1,0,0,0,0,0,0,1.0,0.0
0.179298981,0.944278011,2,0.0431057609701714,-1.2414238075223745,0,1,0,0,0,0,0,0,1.0,0.0
0.189581805,0.911518709,2,0.1306525496678382,-1.344772179398381,0,1,0,0,0,0,0,0,1.0,0.0
0.170685921,0.887509025,1,-0.0302248478062042,-1.4205174364449866,0,1,0,0,0,0,0,0,1.0,0.0
0.187052394,1.357802488,0,0.1091174334053647,0.0631547036078971,0,0,0,0,0,0,0,1,1.0,1.0
0.182910798,1.32741784,1,0.0738563582490554,-0.0327021586911082,0,0,0,0,0,0,0,1,1.0,1.0
0.179930479,1.267105745,3,0.0484822627919472,-0.2229735149819415,0,0,0,0,0,0,0,1,1.0,1.0
0.233241621,1.329914957,2,0.5023672348487783,-0.0248243053615749,0,0,0,0,0,0,0,1,2.0,1.0
0.231234568,1.297777778,0,0.485279414917598,-0.1262100163983295,0,0,0,0,0,0,0,1,2.0,1.0
0.215877935,1.228155918,1,0.354534796089286,-0.3458516277482673,0,0,0,0,0,0,0,1,2.0,1.0
0.283292232,1.327527744,3,0.928492418495422,-0.0323554358133543,0,0,0,0,0,0,0,1,2.0,1.0
0.264407286,1.31054046,1,0.7677081459036861,-0.0859465698367634,0,0,0,0,0,0,0,1,2.0,1.0
0.269946011,1.275344931,2,0.8148642177405163,-0.1969807005232092,0,0,0,0,0,0,0,1,2.0,1.0
0.275503844,1.377103678,2,0.8621829729062102,0.1240457006678915,0,0,0,0,0,0,0,1,2.0,2.0
0.287720034,1.351215423,2,0.9661902188359812,0.0423739664850054,0,0,0,0,0,0,0,1,2.0,1.0
0.284309791,1.295746388,1,0.937155799562764,-0.1326186037713204,0,0,0,0,0,0,0,1,2.0,1.0
0.365311653,1.440108401,0,1.6267963979656512,0.3228117043681153,0,0,0,0,0,0,0,1,2.0,2.0
0.337151783,1.373860974,1,1.3870464821211546,0.11381568481237,0,0,0,0,0,0,0,1,2.0,2.0
0.376429902,1.365522745,2,1.7214558996639242,0.0875104115352012,0,0,0,0,0,0,0,1,2.0,2.0
0.170368773,1.799439293,3,-0.0329250096432527,1.4564214086576937,0,0,0,0,0,0,0,1,1.0,3.0
0.163084495,1.857424118,2,-0.0949425202882918,1.6393507414397268,0,0,0,0,0,0,0,1,1.0,3.0
0.162924613,1.678112948,3,-0.0963037373693739,1.0736635519299584,0,0,0,0,0,0,0,1,1.0,2.0
0.18805093,1.791101161,1,0.1176188548241319,1.430116441394129,0,0,0,0,0,0,0,1,1.0,3.0
0.189820317,1.809900021,1,0.1326832135852463,1.489422698106344,0,0,0,0,0,0,0,1,1.0,3.0
0.196089308,1.807932326,3,0.1860566867113617,1.483215054408729,0,0,0,0,0,0,0,1,1.0,3.0
0.230607046,1.858736713,2,0.4799367643055544,1.6434916891370437,0,0,0,0,0,0,0,1,2.0,3.0
0.218988219,1.755024255,3,0.3810153987075683,1.316301760683785,0,0,0,0,0,0,0,1,2.0,3.0
0.22039993,1.760042098,1,0.3930345448700593,1.3321319485302607,0,0,0,0,0,0,0,1,2.0,3.0
0.211157699,1.710225949,2,0.3143472460840424,1.1749729867098129,0,0,0,0,0,0,0,1,2.0,2.0
0.21754506,1.686972393,0,0.3687285078660897,1.1016131467190968,0,0,0,0,0,0,0,1,2.0,2.0
0.214421677,1.677079834,0,0.342136381858401,1.0704043051406853,0,0,0,0,0,0,0,1,2.0,2.0
0.280546499,1.796615432,0,0.9051155614402776,1.447512750080226,0,0,0,0,0,0,0,1,2.0,3.0
0.236000579,1.595138186,0,0.5258566880429335,0.8118964801071488,0,0,0,0,0,0,0,1,2.0,2.0
0.242415445,1.641602555,2,0.5804721242524659,0.9584813153516838,0,0,0,0,0,0,0,1,2.0,2.0
0.194380293,1.568954141,2,0.1715063282605956,0.7292915937186026,0,0,0,0,0,0,0,1,1.0,2.0
0.198166739,1.562036229,2,0.2037436968936798,0.7074671072878024,0,0,0,0,0,0,0,1,1.0,2.0
0.200735334,1.591999122,0,0.2256124212552833,0.8019934255910733,0,0,0,0,0,0,0,1,1.0,2.0
0.214449377,1.518545038,1,0.3423722164936068,0.5702619928199054,0,0,0,0,0,0,0,1,2.0,2.0
0.224101179,1.459002416,1,0.4245465559791138,0.3824181541163677,0,0,0,0,0,0,0,1,2.0,2.0
0.191014371,1.45528115,1,0.1428492529175935,0.3706783807104042,0,0,0,0,0,0,0,1,1.0,2.0
0.196838573,1.448163193,2,0.1924358433159635,0.3482227964298412,0,0,0,0,0,0,0,1,1.0,2.0
0.224863364,1.38657066,2,0.4310357119875732,0.1539119406836114,0,0,0,0,0,0,0,1,2.0,2.0
0.191856392,1.376970228,1,0.1500181235085905,0.1236246953538325,0,0,0,0,0,0,0,1,1.0,2.0
0.182015168,1.161105092,1,0.0662310667570205,-0.5573821939380286,0,0,0,0,0,0,0,1,1.0,1.0
0.197799827,1.123597929,1,0.2006198500462925,-0.6757090200022093,0,0,0,0,0,0,0,1,1.0,1.0
0.175530751,1.158896914,1,0.0110234812798638,-0.564348508455731,0,0,0,0,0,0,0,1,1.0,1.0
0.206498952,1.114705001,1,0.2746832063995269,-0.7037642462707835,0,0,0,0,0,0,0,1,2.0,1.0
0.227568848,1.070772875,3,0.4540698936552665,-0.8423604134037567,0,0,0,0,0,0,0,1,2.0,1.0
0.247709178,1.081718492,1,0.6255423621922445,-0.8078294061152518,0,0,0,0,0,0,0,1,2.0,1.0
0.115331284,1.569602701,3,-0.5015079028186258,0.7313376574614716,0,0,0,0,0,0,0,1,0.0,2.0
0.113810819,1.554366878,0,-0.5144529681117008,0.6832719965618281,0,0,0,0,0,0,0,1,0.0,2.0
0.104928741,1.502909739,1,-0.5900739654040977,0.5209360732553017,0,0,0,0,0,0,0,1,0.0,2.0
0.130904184,1.607525601,2,-0.3689220114613589,0.8509760420588175,0,0,0,0,0,0,0,1,0.0,2.0
0.131820724,1.670368299,2,-0.3611186946183439,1.0492308926229574,0,0,0,0,0,0,0,1,0.0,2.0
0.130284998,1.626918259,2,-0.3741936903218114,0.9121556004831146,0,0,0,0,0,0,0,1,0.0,2.0
0.156810702,1.621297378,3,-0.1483568770937668,0.894422960762684,0,0,0,0,0,0,0,1,1.0,2.0
0.163008736,1.676646069,1,-0.0955875237586369,1.0690358722440751,0,0,0,0,0,0,0,1,1.0,2.0
0.141139241,1.616877637,2,-0.2817819055441931,0.8804796527989298,0,0,0,0,0,0,0,1,0.0,2.0
0.172853034,1.629639775,2,-0.0117742953222789,0.9207413831604898,0,0,0,0,0,0,0,1,1.0,2.0
0.169241192,1.576693767,2,-0.0425251054483062,0.7537084065685592,0,0,0,0,0,0,0,1,1.0,2.0
0.184648417,1.582393988,1,0.0886502478877432,0.7716913464884454,0,0,0,0,0,0,0,1,1.0,2.0
0.164361121,1.519839825,3,-0.0840734723820019,0.5743467602052488,0,0,0,0,0,0,0,1,1.0,2.0
0.218505726,1.583348482,3,0.376907508431599,0.7747025645194464,0,0,0,0,0,0,0,1,2.0,2.0
0.236429216,1.524797115,1,0.5295060544880854,0.5899859166932959,0,0,0,0,0,0,0,1,2.0,2.0
0.127800322,1.555950859,1,-0.3953479379053707,0.6882691072277554,0,0,0,0,0,0,0,1,0.0,2.0
0.130253013,1.526495819,1,-0.3744660069574453,0.595344953119019,0,0,0,0,0,0,0,1,0.0,2.0
0.125162338,1.531818182,2,-0.4178074322851076,0.612135834395522,0,0,0,0,0,0,0,1,0.0,2.0
0.1503549,1.49952225,2,-0.2033208377302586,0.5102492926609573,0,0,0,0,0,0,0,1,1.0,2.0
0.13010136,1.476126967,3,-0.3757571632727112,0.4364423352468946,0,0,0,0,0,0,0,1,0.0,2.0
0.145138071,1.416633948,3,-0.2477363238005114,0.2487549830670991,0,0,0,0,0,0,0,1,0.0,2.0
0.15813912,1.427538173,3,-0.1370468780168423,0.2831554077257088,0,0,0,0,0,0,0,1,1.0,2.0
0.167474231,1.456611752,0,-0.0575688095225973,0.3748761365207981,0,0,0,0,0,0,0,1,1.0,2.0
0.16624707,1.384408369,1,-0.0680167180703871,0.1470903895293117,0,0,0,0,0,0,0,1,1.0,2.0
0.134805875,0.980872139,2,-0.335703460065304,-1.125977405489078,0,0,0,0,0,0,0,1,0.0,1.0
0.139532256,0.974579144,0,-0.2954635922321419,-1.1458304166269175,0,0,0,0,0,0,0,1,0.0,1.0
0.137730576,0.944997205,0,-0.3108028899057005,-1.2391549090897098,0,0,0,0,0,0,0,1,0.0,0.0
0.160982084,1.267418713,3,-0.1128422073365823,-0.2219861699753449,0,0,0,0,0,0,0,1,1.0,1.0
0.178631702,1.227963131,0,0.0374246238024644,-0.3464598282089743,0,0,0,0,0,0,0,1,1.0,1.0
0.162393162,1.173659674,1,-0.1008284504637692,-0.5177752569744807,0,0,0,0,0,0,0,1,1.0,1.0
0.124846614,1.879705498,2,-0.420495470348852,1.7096435805896764,0,0,0,0,0,0,0,1,0.0,3.0
0.121865309,1.806883878,0,-0.445877960497307,1.4799074322317776,0,0,0,0,0,0,0,1,0.0,3.0
0.118989527,1.726962201,2,-0.4703620398800285,1.2277721701449955,0,0,0,0,0,0,0,1,0.0,2.0
0.125868326,1.899170555,1,-0.4117967311140006,1.7710515418894517,0,0,0,0,0,0,0,1,0.0,3.0
0.140212443,1.803945372,0,-0.2896725578272061,1.4706370939673092,0,0,0,0,0,0,0,1,0.0,3.0
0.125055302,1.814629111,0,-0.4187187245599773,1.5043419339299609,0,0,0,0,0,0,0,1,0.0,3.0
0.131602263,1.887071492,2,-0.3629786466126289,1.732881666894092,0,0,0,0,0,0,0,1,0.0,3.0
0.151993021,1.898000268,1,-0.1893740626956757,1.7673595445423271,0,0,0,0,0,0,0,1,1.0,3.0
0.150195274,1.846892169,1,-0.2046798752565895,1.606124765445759,0,0,0,0,0,0,0,1,1.0,3.0
0.15525071,1.919583728,3,-0.1616384707487833,1.8354506000370656,0,0,0,0,0,0,0,1,1.0,3.0
0.158585389,1.905909725,0,-0.1332473947381905,1.7923121367365469,0,0,0,0,0,0,0,1,1.0,3.0
0.148699552,1.762780269,1,-0.2174142814746138,1.3407702740589331,0,0,0,0,0,0,0,1,1.0,3.0
0.183215962,1.805516432,2,0.0764544896793059,1.4755934417283054,0,0,0,0,0,0,0,1,1.0,3.0
0.181649461,1.783783784,2,0.063117479141959,1.407031731000942,0,0,0,0,0,0,0,1,1.0,3.0
0.166894509,1.778195489,3,-0.0625044963959105,1.3894018929228042,0,0,0,0,0,0,0,1,1.0,3.0
0.177117148,1.788826243,1,0.0245298840880429,1.422939576897705,0,0,0,0,0,0,0,1,1.0,3.0
0.17830278,1.822198696,2,0.0346242194746246,1.528222304931976,0,0,0,0,0,0,0,1,1.0,3.0
0.1681011,1.719904129,1,-0.0522317184779468,1.2055055098302048,0,0,0,0,0,0,0,1,1.0,2.0
0.187902093,1.831694151,0,0.1163516736111309,1.5581783709822197,0,0,0,0,0,0,0,1,1.0,3.0
0.204958434,1.80004414,0,0.2615674121555572,1.4583295675276255,0,0,0,0,0,0,0,1,2.0,3.0
0.194818871,1.723392306,1,0.1752403312439633,1.216509938855138,0,0,0,0,0,0,0,1,1.0,2.0
0.208883322,1.741015512,2,0.2949834601592971,1.2721072665190625,0,0,0,0,0,0,0,1,2.0,2.0
0.209077098,1.693505507,3,0.2966332468839048,1.1222236803373145,0,0,0,0,0,0,0,1,2.0,2.0
0.196793965,1.666760962,3,0.1920560559005389,1.0378505400819271,0,0,0,0,0,0,0,1,1.0,2.0
0.221633979,1.625195524,2,0.403541097062878,0.9067207515530668,0,0,0,0,0,0,0,1,2.0,2.0
0.224878049,1.625243902,1,0.4311607383997752,0.9068733734720144,0,0,0,0,0,0,0,1,2.0,2.0
0.197536946,1.618472906,2,0.1983817112471034,0.885512374614989,0,0,0,0,0,0,0,1,1.0,2.0
0.261771385,1.611657835,0,0.745266385947961,0.864012328854875,0,0,0,0,0,0,0,1,2.0,2.0
0.281511304,1.688138743,1,0.913329800978896,1.1052927236996315,0,0,0,0,0,0,0,1,2.0,2.0
0.262849205,1.614755363,1,0.7544428222843328,0.8737843464528185,0,0,0,0,0,0,0,1,2.0,2.0
0.204785077,1.32255822,1,0.2600914704640277,-0.0480331878728684,0,0,0,0,0,0,1,0,2.0,1.0
0.217553583,1.237459707,0,0.3688010717143155,-0.3165002256509973,0,0,0,0,0,0,1,0,2.0,1.0
0.201373124,1.213941642,1,0.2310424924461823,-0.3906945331922288,0,0,0,0,0,0,1,0,1.0,1.0
0.219787566,1.264948377,2,0.3878209477381762,-0.2297795351571392,0,0,0,0,0,0,1,0,2.0,1.0
0.235606224,1.221194522,2,0.5224991946289776,-0.3678132966075162,0,0,0,0,0,0,1,0,2.0,1.0
0.202733485,1.284453303,2,0.2426244505755393,-0.1682457959565306,0,0,0,0,0,0,1,0,2.0,1.0
0.243266725,1.256395405,3,0.5877198249115988,-0.2567622752320372,0,0,0,0,0,0,1,0,2.0,1.0
0.240085845,1.242231968,1,0.5606381760150861,-0.3014447948448902,0,0,0,0,0,0,1,0,2.0,1.0
0.239039094,1.145506028,1,0.5517262575950033,-0.606593800070223,0,0,0,0,0,0,1,0,2.0,1.0
0.275637819,1.180715358,3,0.8633236207492317,-0.4955161302729537,0,0,0,0,0,0,1,0,2.0,1.0
0.283852898,1.16074038,3,0.9332658647619312,-0.5585327798511115,0,0,0,0,0,0,1,0,2.0,1.0
0.249970326,1.139347181,3,0.644793517922436,-0.6260236038579663,0,0,0,0,0,0,1,0,2.0,1.0
0.304811206,1.142204629,3,1.1117025045348785,-0.6170089857040032,0,0,0,0,0,0,1,0,2.0,1.0
0.308483674,1.112718056,0,1.142969477498234,-0.710032619472299,0,0,0,0,0,0,1,0,2.0,1.0
0.326086957,1.171784737,3,1.2928418177411705,-0.5236902696423354,0,0,0,0,0,0,1,0,2.0,1.0
0.162024037,1.249017185,0,-0.1039711385403157,-0.2800389318696839,0,0,0,0,0,0,1,0,1.0,1.0
0.168982644,1.214074446,2,-0.0447263535805514,-0.3902755658656779,0,0,0,0,0,0,1,0,1.0,1.0
0.181023429,1.299277305,0,0.0577875142196791,-0.12147933947383,0,0,0,0,0,0,1,0,1.0,1.0
0.193375687,1.256977657,0,0.1629532275553409,-0.2549253986031776,0,0,0,0,0,0,1,0,1.0,1.0
0.176571184,1.245190252,3,0.0198816089697939,-0.292112061352985,0,0,0,0,0,0,1,0,1.0,1.0
0.207990085,1.28045491,3,0.287378542395856,-0.1808598439197755,0,0,0,0,0,0,1,0,2.0,1.0
0.178958083,1.199037661,1,0.0402033943466196,-0.4377133057784375,0,0,0,0,0,0,1,0,1.0,1.0
0.191236539,1.193650204,0,0.1447407658863446,-0.4547095442667294,0,0,0,0,0,0,1,0,1.0,1.0
0.220804145,1.20285961,0,0.3964759851974858,-0.425655899715783,0,0,0,0,0,0,1,0,2.0,1.0
0.209683078,1.117062332,1,0.3017924913691759,-0.6963273869377354,0,0,0,0,0,0,1,0,2.0,1.0
0.19841645,1.115575514,1,0.205869707817574,-0.7010179697705419,0,0,0,0,0,0,1,0,1.0,1.0
0.218359853,1.189840881,2,0.3756655623759536,-0.4667271180843836,0,0,0,0,0,0,1,0,2.0,1.0
0.212190585,1.006295607,0,0.3231411194782362,-1.045771971770077,0,0,0,0,0,0,1,0,2.0,1.0
0.254777985,0.999856301,3,0.6857253773613834,-1.06608656184014,0,0,0,0,0,0,1,0,2.0,1.0
0.248065544,1.071612805,2,0.6285764216005385,-0.839710619522623,0,0,0,0,0,0,1,0,2.0,1.0
0.159071709,1.435869403,1,-0.1291069218214655,0.3094386007016929,0,0,0,0,0,0,1,0,1.0,2.0
0.175388471,1.437192982,0,0.0098121256157091,0.3136142004961959,0,0,0,0,0,0,1,0,1.0,2.0
0.161291943,1.453787422,1,-0.1102041032127472,0.3659659983517812,0,0,0,0,0,0,1,0,1.0,2.0
0.166827822,1.482434088,2,-0.0630722618947542,0.4563399107988699,0,0,0,0,0,0,1,0,1.0,2.0
0.167754995,1.539375735,0,-0.0551784169045859,0.6359782470915132,0,0,0,0,0,0,1,0,1.0,2.0
0.168569731,1.553758828,0,-0.0482418476862094,0.6813537329334032,0,0,0,0,0,0,1,0,1.0,2.0
0.168416596,1.481033023,3,-0.049545621580153,0.4519198597659614,0,0,0,0,0,0,1,0,1.0,2.0
0.190680941,1.474464724,3,0.1400104679928041,0.43119832523373,0,0,0,0,0,0,1,0,1.0,2.0
0.197944122,1.516605166,0,0.2018483611902282,0.5641421245501888,0,0,0,0,0,0,1,0,1.0,2.0
0.191212086,1.433514012,3,0.1445325758381609,0.3020078616407262,0,0,0,0,0,0,1,0,1.0,2.0
0.213899341,1.543273754,0,0.337689272832594,0.6482756372249097,0,0,0,0,0,0,1,0,2.0,2.0
0.206128801,1.520110127,3,0.2715317830762034,0.5751995033929643,0,0,0,0,0,0,1,0,2.0,2.0
0.208852411,1.443353364,0,0.294720287436956,0.3330488468703542,0,0,0,0,0,0,1,0,2.0,2.0
0.195326279,1.443268665,3,0.1795603449833314,0.3327816402079676,0,0,0,0,0,0,1,0,1.0,2.0
0.23307601,1.495249406,2,0.5009572417162488,0.4967694123301682,0,0,0,0,0,0,1,0,2.0,2.0
0.172248804,1.380807584,3,-0.0169186405074916,0.1357307071030641,0,0,0,0,0,0,1,0,1.0,2.0
0.175116046,1.403294803,2,0.0074927302909461,0.2066729228947557,0,0,0,0,0,0,1,0,1.0,2.0
0.178075791,1.486846409,0,0.0326916610626851,0.4702598102993022,0,0,0,0,0,0,1,0,1.0,2.0
0.175388967,1.415134371,3,0.00981634850304,0.2440241484036279,0,0,0,0,0,0,1,0,1.0,2.0
0.176061822,1.448511352,0,0.0155449590976752,0.3493211612791277,0,0,0,0,0,0,1,0,1.0,2.0
0.19878467,1.504422117,1,0.2090046908275191,0.5257072922501723,0,0,0,0,0,0,1,0,1.0,2.0
0.187760888,1.324328582,1,0.1151494703741549,-0.0424480862632201,0,0,0,0,0,0,1,0,1.0,1.0
0.193360795,1.431225265,0,0.1628264387687892,0.2947873696996553,0,0,0,0,0,0,1,0,1.0,2.0
0.212621597,1.470285294,3,0.3268107064020384,0.4180131454680031,0,0,0,0,0,0,1,0,2.0,2.0
0.223079265,1.209073379,1,0.4158460969393414,-0.4060528291325456,0,0,0,0,0,0,1,0,2.0,1.0
0.227768629,1.224166324,3,0.4557708062637882,-0.3584379168073647,0,0,0,0,0,0,1,0,2.0,1.0
0.213177471,1.335069075,1,0.3315433541280451,-0.0085641999491694,0,0,0,0,0,0,1,0,2.0,1.0
0.23609175,1.185527816,3,0.5266329075204189,-0.4803338867983627,0,0,0,0,0,0,1,0,2.0,1.0
0.266446951,1.251869692,3,0.7850736206768636,-0.2710399014808521,0,0,0,0,0,0,1,0,2.0,1.0
0.219620088,1.271922977,0,0.3863950591809562,-0.207776210590383,0,0,0,0,0,0,1,0,2.0,1.0
0.162297795,1.169665261,0,-0.1016403942058513,-0.5303767489156203,0,0,0,0,0,0,1,0,1.0,1.0
0.164335285,1.215300369,0,-0.0842934371341743,-0.3864080492105504,0,0,0,0,0,0,1,0,1.0,1.0
0.179313011,1.282803181,3,0.0432252107872089,-0.1734515668883039,0,0,0,0,0,0,1,0,1.0,1.0
0.186212815,1.116132723,3,0.1019693537233631,-0.6992600982827841,0,0,0,0,0,0,1,0,1.0,1.0
0.199654154,1.172634916,1,0.2164073782627997,-0.521008142426891,0,0,0,0,0,0,1,0,1.0,1.0
0.181400438,1.206126915,1,0.0609973257714588,-0.4153482731316653,0,0,0,0,0,0,1,0,1.0,1.0
0.196222819,1.06887291,0,0.1871933841113965,-0.8483543838910215,0,0,0,0,0,0,1,0,1.0,1.0
0.193372083,1.135594691,2,0.162922543511107,-0.6378618820966474,0,0,0,0,0,0,1,0,1.0,1.0
0.215560314,1.160778016,3,0.3518306071842789,-0.5584140465727305,0,0,0,0,0,0,1,0,2.0,1.0
0.230900036,0.990525932,1,0.4824312476907148,-1.0955218179744848,0,0,0,0,0,0,1,0,2.0,1.0
0.234254419,1.072068708,1,0.5109900813060763,-0.8382723461191365,0,0,0,0,0,0,1,0,2.0,1.0
0.232154098,1.107893743,3,0.4931081882789981,-0.7252522628569554,0,0,0,0,0,0,1,0,2.0,1.0
0.29021658,0.933980583,1,0.9874455262433632,-1.2739099214911764,0,0,0,0,0,0,1,0,2.0,0.0
0.278403899,1.006853488,2,0.8868737098376809,-1.0440119802705463,0,0,0,0,0,0,1,0,2.0,1.0
0.276162791,1.040544676,3,0.8677931723778692,-0.9377237136167444,0,0,0,0,0,0,1,0,2.0,1.0
0.227372558,0.940527107,3,0.4523987030218895,-1.2532570822808904,0,0,0,0,0,0,1,0,2.0,0.0
0.221327733,1.027476374,0,0.4009337536082485,-0.9789513238657038,0,0,0,0,0,0,1,0,2.0,1.0
0.20709067,1.074200503,3,0.279721025846267,-0.8315470031181347,0,0,0,0,0,0,1,0,2.0,1.0
0.24111071,0.85712225,3,0.5693637595316995,-1.516381008959826,0,0,0,0,0,0,1,0,2.0,0.0
0.238032977,0.957071257,1,0.5431602924083843,-1.20106393828251,0,0,0,0,0,0,1,0,2.0,0.0
0.232964942,0.93244529,1,0.5000116214540453,-1.2787534322565348,0,0,0,0,0,0,1,0,2.0,0.0
0.270820031,0.782176412,0,0.8223055241615479,-1.7528185965550351,0,0,0,0,0,0,1,0,2.0,0.0
0.255582211,0.882450637,2,0.6925724656405537,-1.4364755348231852,0,0,0,0,0,0,1,0,2.0,0.0
0.241814996,0.881029235,2,0.5753599700692643,-1.4409597446052285,0,0,0,0,0,0,1,0,2.0,0.0
0.262620264,0.781327949,1,0.7524936447674142,-1.7554953101689892,0,0,0,0,0,0,1,0,2.0,0.0
0.247164694,0.783653846,3,0.6209066876249018,-1.7481576181723375,0,0,0,0,0,0,1,0,2.0,0.0
0.271693449,0.854758962,0,0.8297417052233589,-1.5238366613138994,0,0,0,0,0,0,1,0,2.0,0.0
0.276836158,0.689265537,1,0.873526142082007,-2.045931913219264,0,0,0,0,0,0,1,0,2.0,0.0
0.255963991,0.75483871,3,0.6958228969412349,-1.839063016308894,0,0,0,0,0,0,1,0,2.0,0.0
0.247632142,0.800336083,0,0.6248864864897999,-1.6955288401477122,0,0,0,0,0,0,1,0,2.0,0.0
0.163218265,1.194610614,1,-0.0938036177918485,-0.4516796625606596,0,0,0,0,0,0,1,0,1.0,1.0
0.168280011,1.194640416,3,-0.0507084906649755,-0.4515856438242821,0,0,0,0,0,0,1,0,1.0,1.0
0.166874898,1.17475148,3,-0.0626714622093047,-0.5143308498712873,0,0,0,0,0,0,1,0,1.0,1.0
0.172671508,1.126489459,1,-0.0133197869464797,-0.6665868806559364,0,0,0,0,0,0,1,0,1.0,1.0
0.185299481,1.171693085,0,0.0941933323980544,-0.5239794114860532,0,0,0,0,0,0,1,0,1.0,1.0
0.176125521,1.161283483,0,0.0160872851059053,-0.5568194096819004,0,0,0,0,0,0,1,0,1.0,1.0
0.191671936,1.175503568,0,0.1484476861991493,-0.5119581781242676,0,0,0,0,0,0,1,0,1.0,1.0
0.206861756,1.196037061,3,0.2777720782042635,-0.4471795369164252,0,0,0,0,0,0,1,0,2.0,1.0
0.185002245,1.155904805,1,0.0916626990540102,-0.5737879523616344,0,0,0,0,0,0,1,0,1.0,1.0
0.218096299,1.162520114,2,0.3734216937316565,-0.5529181116487065,0,0,0,0,0,0,1,0,2.0,1.0
0.221993709,1.141422695,0,0.4066037971828267,-0.6194758149976953,0,0,0,0,0,0,1,0,2.0,1.0
0.23522345,1.104757328,1,0.5192403005258635,-0.7351469603623381,0,0,0,0,0,0,1,0,2.0,1.0
0.243714645,1.104494029,3,0.5915333646156199,-0.7359776106297516,0,0,0,0,0,0,1,0,2.0,1.0
0.269866247,1.136585366,3,0.8141851161577528,-0.6347365209913266,0,0,0,0,0,0,1,0,2.0,1.0
0.242514036,1.085620711,0,0.5813115167621976,-0.7955187659082774,0,0,0,0,0,0,1,0,2.0,1.0
0.234914886,1.344585295,2,0.5166132218840713,0.0214573750958016,0,0,0,0,0,0,1,0,2.0,1.0
0.220442906,1.372285941,3,0.3934004376239439,0.1088468031127233,0,0,0,0,0,0,1,0,2.0,2.0
0.221094599,1.314824212,0,0.3989488773683905,-0.0724322771720236,0,0,0,0,0,0,1,0,2.0,1.0
0.23414681,1.429285165,0,0.5100739105746734,0.2886667821402309,0,0,0,0,0,0,1,0,2.0,2.0
0.231451459,1.415601755,3,0.4871260001112593,0.2454986418296752,0,0,0,0,0,0,1,0,2.0,2.0
0.233004231,1.332487071,0,0.5003461235111789,-0.0167098530396209,0,0,0,0,0,0,1,0,2.0,1.0
0.24950666,1.383078441,2,0.6408459185734349,0.1428947600402494,0,0,0,0,0,0,1,0,2.0,2.0
0.266186156,1.3622468,2,0.782853241843344,0.0771755276568653,0,0,0,0,0,0,1,0,2.0,2.0
0.224613153,1.336073501,2,0.4289054441208051,-0.0053954574719969,0,0,0,0,0,0,1,0,2.0,1.0
0.285181582,1.375972763,2,0.944578128532464,0.1204779132962265,0,0,0,0,0,0,1,0,2.0,2.0
0.270857331,1.398058252,1,0.8226230920999293,0.1901527595501375,0,0,0,0,0,0,1,0,2.0,2.0
0.24691358,1.304633638,3,0.6187687317193036,-0.1045812903403124,0,0,0,0,0,0,1,0,2.0,1.0
0.278201525,1.308912084,0,0.8851507207234159,-0.0910837369351943,0,0,0,0,0,0,1,0,2.0,1.0
0.280629986,1.362446308,1,0.9058263602196792,0.0778049313900776,0,0,0,0,0,0,1,0,2.0,2.0
0.278823058,1.29703763,0,0.8904423816737179,-0.1285450200790331,0,0,0,0,0,0,1,0,2.0,1.0
0.241063856,1.360293227,2,0.5689648499288859,0.0710124357542685,0,0,0,0,0,0,1,0,2.0,2.0
0.228564547,1.375361272,0,0.4625471611801682,0.1185487940718045,0,0,0,0,0,0,1,0,2.0,2.0
0.224226496,1.257854498,2,0.4256134905993333,-0.2521591586587451,0,0,0,0,0,0,1,0,2.0,1.0
0.255319149,1.379201357,0,0.6903327858280447,0.1306634152140826,0,0,0,0,0,0,1,0,2.0,2.0
0.246278342,1.390945874,0,0.6133603879648324,0.1677147757839778,0,0,0,0,0,0,1,0,2.0,2.0
0.240103973,1.335982176,3,0.5607925157359169,-0.0056835677028432,0,0,0,0,0,0,1,0,2.0,1.0
0.269950936,1.340742966,2,0.8149061486278226,0.0093356746284979,0,0,0,0,0,0,1,0,2.0,1.0
0.261535479,1.29691741,3,0.7432579092168109,-0.1289242876613193,0,0,0,0,0,0,1,0,2.0,1.0
0.237008629,1.297315436,1,0.5344391105707025,-0.1276686034265232,0,0,0,0,0,0,1,0,2.0,1.0
0.308111989,1.420244078,3,1.1398049938741737,0.260144146907059,0,0,0,0,0,0,1,0,2.0,2.0
0.328326783,1.364823133,3,1.3119114403994538,0.0853032899932063,0,0,0,0,0,0,1,0,2.0,2.0
0.293434692,1.364478231,2,1.014844164134027,0.0842152002605017,0,0,0,0,0,0,1,0,2.0,2.0
0.355213055,1.430825023,1,1.5408180883837037,0.293524694473657,0,0,0,0,0,0,1,0,2.0,2.0
0.365353187,1.404031233,1,1.627150013696288,0.2089961971055627,0,0,0,0,0,0,1,0,2.0,2.0
0.365278026,1.370999464,1,1.6265101015296195,0.1047882519443891,0,0,0,0,0,0,1,0,2.0,2.0
