H3MeK4_N,CaNA_N,class,grade,H3MeK4_N_normalized,CaNA_N_standardized
0.128185603,1.67565235,5,A,0.0845795238228873,1.0659009079901893
0.1311187,1.743609645,5,D,0.09397699166488188,1.280291183929141
0.127431075,1.926426587,5,D,0.08216206111507895,1.8570383108077975
0.146901093,1.700563438,5,C,0.1445428374883308,1.1444898958282061
0.148379919,1.839730218,5,A,0.14928090778703057,1.583530389799241
0.14218043,1.816388575,5,C,0.1294181148025847,1.5098926547534524
0.157498978,1.528483858,5,A,0.1784978289122956,0.6016167776492243
0.159409283,1.652658228,5,B,0.18461833219121937,0.9933595250444153
0.158235497,1.834599448,5,B,0.18085759185825956,1.567343942176815
0.192333633,1.516861511,5,D,0.2901059858022573,0.5649508364814921
0.193054604,1.613548092,5,B,0.29241593388358933,0.8699756727434974
0.195528744,1.722971374,5,D,0.3003429308722987,1.2151819912428687
0.214088398,1.426933702,5,D,0.3598069552886567,0.28124843505283936
0.22528477,1.500070314,5,D,0.3956794633635716,0.5119783136908879
0.224212034,1.613896848,5,A,0.3922424812034351,0.8710759209961001
0.163994829,1.297220427,5,B,0.199310148068085,-0.1279683358647654
0.15820598,1.363189369,5,C,0.18076302115081544,0.0801491249432421
0.15854319,1.404481451,5,C,0.18184342187776004,0.21041653558802748
0.195738683,1.170038136,5,A,0.3010155629063843,-0.5292004105381032
0.16997737,1.272986338,5,B,0.21847785260050046,-0.20442154118788985
0.159939582,1.279936226,5,A,0.18631737855727604,-0.18249617753024538
0.239907346,1.178248401,5,B,0.4425293246968728,-0.5032988354550763
0.197067118,1.219966159,5,C,0.305271789411229,-0.37168851092443705
0.183547103,1.246130031,5,A,0.26195446775913744,-0.28914726590119944
0.233123804,1.077480186,5,A,0.4207952607365538,-0.8212003266743133
0.206741266,1.144377729,5,B,0.33626718258393895,-0.6101533345389164
0.243806306,1.238457207,5,C,0.4550213599814963,-0.3133533331761114
0.267758702,0.981414396,5,A,0.5317634081131197,-1.1242667042632593
0.217620723,0.994403582,5,A,0.3711243139014041,-1.0832886875431653
0.208285574,1.030948092,5,D,0.34121505330493285,-0.9679988193553013
0.101787008,1.649982724,5,D,0.0,0.9849189000778719
0.101787008,1.63898847,5,B,0.0,0.9502344537825486
0.101787008,1.564924819,5,C,0.0,0.71657997158257
0.101787008,1.68222208,5,B,0.0,1.086626957011776
0.101787008,1.660352255,5,A,0.0,1.0176324831074424
0.101787008,1.61081609,5,B,0.0,0.8613568090490876
0.101787008,1.727380518,5,C,0.0,1.229091868009072
0.101787008,1.650846275,5,D,0.0,0.9876432130037666
0.101787008,1.555326991,5,B,0.0,0.6863009412984101
0.101787008,1.655576382,5,D,0.0,1.002565657238058
0.101787008,1.681702521,5,D,0.0,1.0849878629693104
0.101787008,1.585792952,5,C,0.0,0.7824143281766743
0.101787008,1.615575808,5,D,0.0,0.8763726694568865
0.101787008,1.561913696,5,D,0.0,0.7070805427007092
0.101787008,1.530457516,5,A,0.0,0.6078432332965412
0.101787008,1.680398751,5,A,0.0,1.080874756200406
0.101787008,1.720906651,5,A,0.0,1.2086682456073554
0.101787008,1.645763881,5,B,0.0,0.9716093809907285
0.101787008,1.699259836,5,A,0.0,1.1403773190622446
0.101787008,1.705363309,5,B,0.0,1.159632430094194
0.101787008,1.68242681,5,A,0.0,1.0872728350031373
0.101787008,1.653051034,5,D,0.0,0.9945987413306209
0.101787008,1.653808878,5,B,0.0,0.9969895719880019
0.101787008,1.607118742,5,C,0.0,0.8496924916573737
0.101787008,1.739865311,5,B,0.0,1.2684786360714368
0.101787008,1.718461944,5,C,0.0,1.2009557342674047
0.101787008,1.690157637,5,A,0.0,1.111661888948947
0.101787008,1.73015873,5,B,0.0,1.2378565140606395
0.101787008,1.633585331,5,B,0.0,0.9331887420433378
0.101787008,1.613042782,5,A,0.0,0.8683815311530363
0.101787008,1.817861857,5,C,0.0,1.514540534491984
0.101787008,1.769404892,5,D,0.0,1.361669498387411
0.101787008,1.723144672,5,D,0.0,1.2157287082073926
0.101787008,1.682969895,5,D,0.0,1.088986148386319
0.101787008,1.753591759,5,B,0.0,1.3117825517788189
0.101787008,1.72409726,5,D,0.0,1.2187339132288126
0.101787008,1.626290753,5,A,0.0,0.9101759574662264
0.101787008,1.61497516,5,A,0.0,0.8744777575057533
0.101787008,1.586359293,5,D,0.0,0.7842010091101269
0.101787008,1.538291402,5,C,0.0,0.6325574156549516
0.101787008,1.577964912,5,C,0.0,0.7577185886587737
0.101787008,1.547757181,5,A,0.0,0.6624198604710249
0.101787008,1.392008639,5,D,0.0,0.1710675649379346
0.101787008,1.379272727,5,D,0.0,0.1308885718215343
0.101787008,1.374519495,5,B,0.0,0.11589317331307573
0.14351664,1.627181412,5,A,0.1336992519436856,0.9129857901527327
0.145719399,1.562096053,5,A,0.14075676039504748,0.7076558388120306
0.142878773,1.571868376,5,A,0.1316555641215748,0.7384853623316846
0.141681217,1.646607633,5,D,0.12781866612638831,0.9742712324388186
0.146408153,1.607631121,5,B,0.14296348712997825,0.8513089343835792
0.142138599,1.506520119,5,A,0.1292840907736152,0.5323260257901175
0.150856768,1.54136263,5,D,0.15721658425016033,0.6422464625540585
0.17000412,1.485702513,5,D,0.21856355800498362,0.46665107073594136
0.156126979,1.509004104,5,B,0.17410202594984714,0.5401624505562624
0.165660142,1.397438567,5,C,0.20464571159167644,0.18819779006312032
0.174166667,1.388229167,5,B,0.23190011031583146,0.15914416444084992
0.173702495,1.405726919,5,A,0.2304129309135976,0.2143457124069855
0.101787008,0.820333253,5,A,0.0,-1.6324421797045894
0.115148655,0.788461538,5,D,0.04280992002602829,-1.7329904103764788
0.112689507,0.790975289,5,C,0.03493095651111372,-1.7250600804460154
0.152813959,1.633226837,5,A,0.16348730747654572,0.9320577725487098
0.152452283,1.582556173,5,C,0.1623285191448876,0.7722030043892367
0.15371068,1.567437992,5,D,0.16636034807518296,0.724508478050526
0.149079563,1.606365055,5,B,0.15152252543242195,0.8473147754180561
0.147383845,1.396849625,5,A,0.14608954610235164,0.18633980795991792
0.151171439,1.593467212,5,A,0.1582247713654546,0.8066249257148378
0.15643378,1.593664236,5,D,0.17508499805455136,0.8072464929759625
0.156937132,1.537163208,5,B,0.17669770783987515,0.6289982124380977
0.154835673,1.540591419,5,D,0.16996475854642518,0.6398134619601245
0.161871227,1.386720322,5,A,0.19250625392336518,0.1543840912816826
0.16436313,1.373371781,5,B,0.20049016250459162,0.11227238880187641
0.164849586,1.370280638,5,A,0.20204873851368554,0.10252051447055238
0.220638643,1.153526971,5,B,0.38079354957608935,-0.5812894941372013
0.212491027,1.14626705,5,D,0.3546890738806314,-0.6041929435238341
0.214771266,1.060260886,5,A,0.3619948236306607,-0.8755234200004323
0.162684331,1.712404385,5,C,0.19511139064137928,1.1818454717779032
0.162424622,1.616023181,5,D,0.19427929849584957,0.8777840325918914
0.158177792,1.670120215,5,B,0.18067270848010253,1.048448242324472
0.188162812,1.576911423,5,B,0.2767429240889162,0.7543950632387485
0.184813463,1.558191403,5,D,0.26601180966647586,0.6953375293362773
0.184348001,1.585392807,5,D,0.26452049718118453,0.7811519589642802
0.245123537,1.530039012,5,C,0.459241689538609,0.606522945488712
0.244712991,1.590568764,5,D,0.4579263246418259,0.7974809616045136
0.219259065,1.571466106,5,B,0.37637346394969406,0.7372162892130151
0.258953597,1.459669885,5,C,0.5035523768779147,0.38452387158335527
0.25185302,1.498028702,5,D,0.48080255168730335,0.5055374781626305
0.280166881,1.500320924,5,A,0.5715184735372132,0.5127689329621972
0.315198984,1.455546147,5,C,0.6837592420422925,0.37151438779327856
0.309838473,1.405496119,5,A,0.6665844845285933,0.21361758931605457
0.310145548,1.423587329,5,A,0.6675683345129547,0.2706913663692694
0.101787008,1.620141162,5,A,0.0,0.8907753543168265
0.101787008,1.633793283,5,C,0.0,0.9338447847340019
0.101787008,1.626736292,5,B,0.0,0.9115815347357684
0.101787008,1.676654265,5,B,0.0,1.0690617288162299
0.101787008,1.642885533,5,A,0.0,0.9625288279468162
0.101787008,1.600065746,5,D,0.0,0.8274418450029374
0.101787008,1.653171738,5,C,0.0,0.9949795358261483
0.101787008,1.4021101,5,C,0.0,0.20293544624746254
0.101787008,1.545307305,5,A,0.0,0.6546910420762342
0.101787008,1.573832216,5,A,0.0,0.7446808443546218
0.101787008,1.572645528,5,C,0.0,0.7409371054701732
0.101787008,1.579311153,5,C,0.0,0.7619656820645705
0.101787008,1.530497592,5,D,0.0,0.6079696642367148
0.101787008,1.529964367,5,B,0.0,0.606287456978649
0.101787008,1.553157216,5,B,0.0,0.6794557797749056
0.134363172,1.461403046,5,C,0.10437208643476226,0.3899916122436718
0.13610586,1.449597749,5,A,0.10995555484328395,0.3527485041804201
0.137085329,1.449485542,5,C,0.11309371509837635,0.3523945158456532
0.142112434,1.575913749,5,B,0.12920025967423943,0.7512476218322423
0.156391876,1.612305854,5,C,0.174950740137936,0.8660566858620761
0.153014925,1.538328358,5,C,0.1641311905538303,0.6326740036833244
0.147699197,1.599830142,5,A,0.14709991510102732,0.8266985663516562
0.151024558,1.537384639,5,C,0.15775417340224374,0.629696778400611
0.15725775,1.510111658,5,C,0.17772494878845768,0.5436565391258164
0.160335471,1.58677849,5,C,0.18758578330028308,0.7855234831800968
0.16287354,1.568771027,5,D,0.19571760499191593,0.7287139094392576
0.181400801,1.549184331,5,A,0.2550778441683702,0.6669222039251939
0.175645268,1.430840503,5,C,0.23663745972795147,0.2935735304591322
0.181138124,1.455516965,5,A,0.2542362427278684,0.37142232502014355
0.184081579,1.473049927,5,B,0.263666896984055,0.4267349527697788
0.168739983,1.027627261,3,A,0.21451333845705345,-0.9784753086628385
0.187049814,0.982182121,3,D,0.27317694488222644,-1.1218447012303954
0.168764965,0.990036302,3,C,0.21459337929498967,-1.097066492623586
0.188779452,1.028679027,3,C,0.2787186018691217,-0.9751572189277599
0.186468488,1.058488563,3,D,0.27131441105169996,-0.8811147081325297
0.187925998,1.051022395,3,C,0.27598418615780307,-0.9046688213109103
0.238487458,1.0758767,3,B,0.4379800882347873,-0.8262589713128948
0.228868018,1.04164607,3,A,0.40715997623099176,-0.9342490584884385
0.21623996,1.082705823,3,A,0.36670043160568866,-0.8047145945923231
0.243673404,1.076874105,3,D,0.4545955499005012,-0.8231123785420544
0.249959839,1.105863454,3,A,0.4747369126830102,-0.731657376817801
0.252441406,1.127766927,3,B,0.48268770533673255,-0.662556750895428
0.324725498,1.062830419,3,B,0.7142816246847047,-0.8674171101641707
0.295872497,1.072537801,3,B,0.6218383304320639,-0.8367924611750547
0.322888566,1.096908072,3,B,0.7083962041214124,-0.7599096316804871
0.210055575,0.927144842,3,A,0.3468860309363573,-1.2954751765419725
0.202982811,0.891220088,3,A,0.32422531693882606,-1.4088098512534801
0.194374686,0.872258497,3,A,0.2966453978746526,-1.4686294883760516
0.234145246,0.979795712,3,B,0.42406789998014616,-1.1293732952395181
0.235190873,0.947345327,3,C,0.4274180265212122,-1.2317471021203723
0.221403813,0.930784229,3,B,0.38324510861715044,-1.283993713320421
0.257560838,1.010128007,3,B,0.4990900601137066,-1.0336815951076679
0.284185983,0.998079824,3,A,0.5843954366239082,-1.0716909549259628
0.247269252,0.996723102,3,D,0.4661164324163881,-1.075971113574897
0.305637467,1.025151778,3,A,0.6531247118756512,-0.9862849114943253
0.312941582,1.041357918,3,B,0.6765266606781389,-0.9351581144888629
0.282670693,0.983727562,3,A,0.5795405378441215,-1.116969175763448
0.355460866,1.049338417,3,A,0.8127559105306447,-0.9099814004548435
0.372005324,1.062555457,3,B,0.8657633671603541,-0.8682845546239998
0.336609873,1.01310616,3,B,0.7523584533353441,-1.0242861793033984
0.146803603,0.901526801,3,D,0.14423048534316957,-1.3762944451577315
0.150458305,0.898222669,3,C,0.15593993256468086,-1.386718252803676
0.165073295,0.886551944,3,A,0.20276548880645284,-1.423536815890356
0.148737461,1.006157039,3,D,0.15042645102926305,-1.0462091232452246
0.152,0.998666667,3,B,0.16087943138952843,-1.0698395947047703
0.156903917,0.988053001,3,A,0.17659128896100007,-1.1033233698088831
0.156263794,0.9511786,3,D,0.17454037304944958,-1.2196539713355266
0.162672476,0.981299927,3,C,0.1950734079284766,-1.1246278287090816
0.174675749,0.989082766,3,C,0.23353117867938655,-1.1000746883758998
0.163415414,0.926980066,3,A,0.19745373696757618,-1.29599500847625
0.16777373,0.950074995,3,D,0.21141752147768622,-1.223135601681137
0.176857111,0.994431451,3,B,0.24052013241898307,-1.0832007669954133
0.162894737,0.872894737,3,B,0.19578551891561047,-1.4666222915156792
0.168198529,0.848214286,3,A,0.21277855213634211,-1.5444836704918108
0.175611734,0.879005002,3,B,0.23653001879210334,-1.4473457532218859
0.101787008,0.901329475,3,D,0.0,-1.3769169651622422
0.101787008,0.930509413,3,A,0.0,-1.2848606971824543
0.101787008,0.895977932,3,C,0.0,-1.3937999029023211
0.101787008,0.94684345,3,C,0.0,-1.2333304133530723
0.101787008,0.987398073,3,D,0.0,-1.1053895231871207
0.101787008,0.984663688,3,B,0.0,-1.1140159047208962
0.101787008,1.105637379,3,C,0.0,-0.7323705935759564
0.101787008,1.081227743,3,D,0.0,-0.8093776109625281
0.101787008,1.068778587,3,B,0.0,-0.8486519521505794
0.101787008,1.103787403,3,A,0.0,-0.738206859794623
0.101787008,1.115053538,3,C,0.0,-0.7026646889148743
0.101787008,1.100538972,3,A,0.0,-0.7484549430719019
0.101787008,1.135862913,3,C,0.0,-0.6370157008501326
0.101787008,1.175829619,3,B,0.0,-0.5109295591384747
0.101787008,1.126874554,3,D,0.0,-0.6653719908738651
0.101787008,0.955277835,3,D,0.0,-1.206721789105663
0.101787008,0.971223022,3,C,0.0,-1.1564182412550872
0.101787008,0.919828203,3,B,0.0,-1.3185575587079446
0.101787008,1.0,3,A,0.0,-1.0656332231917705
0.101787008,1.036933265,3,D,0.0,-0.9491169187291454
0.101787008,0.99222395,3,C,0.0,-1.0901649457274467
0.101787008,1.084839098,3,D,0.0,-0.7979845825177743
0.101787008,1.115019831,3,A,0.0,-0.7027710270649005
0.101787008,1.092526082,3,A,0.0,-0.7737338435662268
0.101787008,1.088864388,3,A,0.0,-0.7852856804523772
0.101787008,1.1317485,3,A,0.0,-0.6499957663220852
0.101787008,1.124779152,3,A,0.0,-0.6719825219873101
0.101787008,1.170413816,3,B,0.0,-0.5280152230043039
0.101787008,1.196363636,3,C,0.0,-0.44614926482621353
0.101787008,1.263245033,3,D,0.0,-0.2351532097593872
0.185728124,0.957378108,3,A,0.268942328955073,-1.2000958910616466
0.188827485,0.980757707,3,B,0.27887249673617,-1.1263384132080618
0.179909042,1.065877475,3,D,0.2502983373090655,-0.8578043205932875
0.219236565,0.977482002,3,D,0.3763013752917175,-1.136672539939336
0.20593206,0.996028393,3,A,0.33367453482542675,-1.078162767233379
0.217575026,1.104691273,3,A,0.37097790343902404,-0.7353553493171537
0.227177624,0.99922916,3,A,0.4017440546793688,-1.0680650533625387
0.237972988,1.033374261,3,A,0.436331757040602,-0.9603447913163021
0.241648737,1.093760616,3,B,0.44810863759475483,-0.7698391611054841
0.246666667,1.020138889,3,D,0.4641857860178652,-1.0020994705635364
0.253333333,1.070175439,3,B,0.4855453862453104,-0.8442451922033818
0.249537893,1.109910422,3,C,0.4733850228661859,-0.7188900854440626
0.296713112,1.030546624,3,D,0.624531610753171,-0.9692653623408726
0.3070128,1.049936903,3,C,0.6575311967752416,-0.9080933091368235
0.291590494,1.135283364,3,C,0.6081190482222274,-0.6388440501102105
0.19776249,0.643388229,3,D,0.30749971982342583,-2.1906647005006925
0.215110987,0.701771585,3,C,0.36308326945183556,-2.0064780903202544
0.186104751,0.752790498,3,D,0.2701490193989714,-1.8455246733813466
0.239853715,0.714387655,3,C,0.4423574941717201,-1.9666771722795182
0.205494406,0.627581188,3,A,0.3322723175135136,-2.2405324281930374
0.224938429,0.802243911,3,D,0.39456980745725,-1.6895100636298408
0.235166163,0.720483384,3,B,0.42733885715505227,-1.947446491859424
0.237160302,0.756734108,3,D,0.43372795956965604,-1.8330834536992564
0.224575761,0.801179444,3,B,0.3934078408167603,-1.6928682222183769
0.298035098,0.643317834,3,B,0.6287671750466692,-2.190886781198206
0.280592593,0.752740741,3,A,0.5728824293934127,-1.8456816457411187
0.248175182,0.778489498,3,D,0.4690189781017501,-1.7644499969782448
0.260217984,0.69015181,3,B,0.5076033974109336,-2.04313591739531
0.302334707,0.775358054,3,B,0.6425428658303871,-1.7743290120751136
0.254291417,0.806986028,3,D,0.48861503023592157,-1.6745497304946744
0.157905701,1.026248177,3,B,0.17980094514510336,-0.9828260144892397
0.155061762,0.991166931,3,A,0.17068913421723614,-1.0934996075188366
0.150594543,0.995876005,3,B,0.15637643099069876,-1.078643517760159
0.169721044,0.991694502,3,D,0.2176565993851901,-1.0918352373836304
0.169092846,0.987040653,3,A,0.2156438904623671,-1.1065171044486486
0.165391459,0.983807829,3,B,0.20378486728540535,-1.1167159510834663
0.180733945,0.961697248,3,B,0.2529412773193226,-1.1864699570626702
0.186837954,0.941852603,3,A,0.2724981580787197,-1.2490754347742323
0.181040383,0.974218572,3,A,0.2539230863936781,-1.146967941753188
0.221571278,0.95253117,3,D,0.3837816564886186,-1.2153869113307583
0.197063142,0.939353891,3,B,0.3052590505443794,-1.2569583199769463
0.208941743,0.970344724,3,B,0.3433173796434119,-1.1591890777131395
0.204215374,0.890187744,3,C,0.32817437527400295,-1.4120666688625965
0.214446562,0.889485536,3,A,0.3609544913817897,-1.4142819802119746
0.211234745,0.930904523,3,C,0.35066402128418583,-1.283614212284457
0.101787008,1.061007348,3,B,0.0,-0.8731684970424493
0.101787008,1.084656901,3,A,0.0,-0.7985593738643876
0.101787008,1.025930018,3,B,0.0,-0.9838297359558237
0.101787008,1.145109093,3,D,0.0,-0.6078460424406678
0.101787008,1.166873964,3,D,0.0,-0.5391826752559425
0.101787008,1.1522385,3,A,0.0,-0.5853543359357065
0.101787008,0.997838422,3,C,0.0,-1.0724525249883412
0.101787008,0.977702243,3,A,0.0,-1.1359777281643375
0.101787008,1.005197228,3,B,0.0,-1.0492371152384203
0.101787008,1.094440608,3,B,0.0,-0.7676939363357772
0.101787008,1.097678418,3,B,0.0,-0.7574793599707538
0.101787008,1.061207189,3,D,0.0,-0.8725380427676882
0.101787008,1.144940747,3,C,0.0,-0.6083771369374874
0.101787008,1.091343025,3,D,0.0,-0.7774661274465887
0.101787008,1.104803493,3,D,0.0,-0.7350013199702552
0.101787008,1.011715311,3,A,0.0,-1.028674001109717
0.101787008,1.009781122,3,D,0.0,-1.03477594076797
0.101787008,0.960229165,3,B,0.0,-1.1911014351029792
0.101787008,1.183037684,3,A,0.0,-0.48818970399362327
0.101787008,1.108152503,3,D,0.0,-0.7244359321333451
0.101787008,1.066423791,3,D,0.0,-0.8560808141177886
0.101787008,1.163785154,3,C,0.0,-0.5489271894868728
0.101787008,1.16327464,3,A,0.0,-0.5505377485494529
0.101787008,1.140143328,3,A,0.0,-0.6235119356843293
0.101787008,1.331730089,3,D,0.0,-0.01909796427713941
0.101787008,1.275132275,3,A,0.0,-0.1976515832962812
0.101787008,1.261455897,3,C,0.0,-0.24079753919793098
0.101787008,1.400758786,3,B,0.0,0.19867234864564967
0.101787008,1.362204724,3,B,0.0,0.07704278715784398
0.101787008,1.340517241,3,C,0.0,0.008623562043140336
0.101787008,1.399614922,4,D,0.0,0.19506371003523104
0.101787008,1.41097815,4,D,0.0,0.2309121879135401
0.101787008,1.332265701,4,B,0.0,-0.01740822656058884
0.101787008,1.394424074,4,C,0.0,0.17868772957460263
0.101787008,1.366823022,4,D,0.0,0.0916124986595792
0.101787008,1.32032767,4,D,0.0,-0.05507008111583248
0.101787008,1.387826391,4,C,0.0,0.15787349500379244
0.101787008,1.357283045,4,C,0.0,0.06151597551984494
0.101787008,1.261413905,4,C,0.0,-0.2409300146954806
0.101787008,1.392473753,4,D,0.0,0.1725348970146907
0.101787008,1.347836149,4,A,0.0,0.03171310240362413
0.101787008,1.30577957,4,A,0.0,-0.10096612764604644
0.101787008,1.29728929,4,D,0.0,-0.12775108828932916
0.101787008,1.294922159,4,D,0.0,-0.13521886446072678
0.101787008,1.202861595,4,B,0.0,-0.4256496374786277
0.182497083,1.7368028,4,D,0.258590266308094,1.2588170893845643
0.19393172,1.843909804,4,B,0.2952261612315764,1.596716061710558
0.179422083,1.770310192,4,D,0.24873814971797337,1.364525520199455
0.190597359,1.763358779,4,D,0.2845430674671694,1.3425953455031903
0.1915828,1.807502287,4,D,0.2877003616540589,1.4818583762202502
0.191651184,1.707094752,4,D,0.2879194599112618,1.165094750843461
0.205046087,1.760818622,4,A,0.3308359301777196,1.3345817104672713
0.187356848,1.733852497,4,D,0.2741606635050332,1.2495095341872375
0.184458168,1.601308631,4,B,0.2648734656782199,0.831362873026645
0.210144217,1.793780045,4,A,0.3471700346172619,1.438567729515124
0.211953842,1.81605681,4,B,0.3529679651812935,1.5088460093580338
0.208399209,1.771640316,4,B,0.34157913306711774,1.368721768025285
0.232003408,1.7320744,4,D,0.41720557877912134,1.2439000303587489
0.258420606,1.743136145,4,C,0.5018447055044236,1.27879739587214
0.273763717,1.763146644,4,D,0.5510031180010624,1.341926106370198
0.139980878,1.604071762,4,B,0.12237088138793978,0.8400799418497269
0.147179114,1.56109586,4,D,0.14543360018963225,0.7045004505161571
0.144876922,1.522221596,4,B,0.13805751433700025,0.5818607223474058
0.157284256,1.620553665,4,B,0.17780987243149438,0.8920767102933362
0.159059686,1.520531217,4,C,0.18349824425510342,0.576527949460383
0.158394608,1.499770221,4,C,0.1813673740120061,0.5110315864693677
0.18287037,1.514593398,4,C,0.25978625559120827,0.5577954402590445
0.175147929,1.515384615,4,B,0.2350440152359795,0.5602915553701245
0.183442525,1.421580306,4,C,0.26161940608474343,0.26435965150648943
0.207746934,1.469076824,4,B,0.3394892828723791,0.4142006891781534
0.202552439,1.395628001,4,D,0.3228464307205745,0.18248585370153178
0.193305754,1.370690736,4,A,0.2932206035036248,0.10381428320254787
0.23730738,1.3513382,4,A,0.4341991887091169,0.04276130083827793
0.235700197,1.362426036,4,D,0.4290498702383331,0.07774097770160561
0.231555051,1.340197827,4,A,0.41576906969359406,0.0076158813283801596
0.115270078,1.746002657,4,B,0.04319895207569402,1.2878406089467969
0.127500679,1.789942971,4,D,0.08238506817951435,1.42646260741369
0.121050347,1.689105903,4,C,0.061718589184721895,1.1083439001668098
0.141725746,1.842434694,4,A,0.12796133438643437,1.592062415035241
0.13958243,1.810544576,4,B,0.12109427776156567,1.4914561269576223
0.123796172,1.741375107,4,A,0.07051604870864653,1.2732417094258361
0.137073921,1.760424257,4,D,0.11305716454681203,1.3333375758799446
0.136323799,1.838180225,4,A,0.11065381840020572,1.5786405037763578
0.137736141,1.716630536,4,B,0.11517887792837628,1.1951780459930732
0.145300865,1.683336687,4,A,0.13941580242271268,1.0901432962406028
0.152592143,1.604394492,4,C,0.1627766222428696,0.841098083813055
0.143042653,1.585256218,4,D,0.13218062586687207,0.7807210507976113
0.132506203,1.503349876,4,D,0.09842246851858666,0.5223246084063983
0.17244713,1.42223565,4,B,0.2263908163304571,0.2664271172729669
0.144660194,1.410194175,4,A,0.13736313075184786,0.228438919715045
0.101787008,2.009125097,4,C,0.0,2.1179338685053217
0.101787008,2.038111428,4,C,0.0,2.209379349105275
0.101787008,2.051218436,4,D,0.0,2.2507290682465984
0.101787008,1.9707905,4,D,0.0,1.996996670683682
0.101787008,2.074491122,4,C,0.0,2.324149259167684
0.101787008,2.028409091,4,A,0.0,2.1787706159783498
0.101787008,1.996931089,4,B,0.0,2.0794644629776036
0.101787008,1.963313056,4,A,0.0,1.9734069842125235
0.101787008,2.027102543,4,D,0.0,2.1746487452322065
0.101787008,1.558172194,4,C,0.0,0.6952769291783325
0.101787008,1.672922252,4,D,0.0,1.057288050995802
0.101787008,1.742002064,4,A,0.0,1.2752196204688204
0.101787008,1.52708272,4,B,0.0,0.5971964963174178
0.101787008,1.665583936,4,A,0.0,1.034137282676268
0.101787008,1.77817615,4,B,0.0,1.389340882643534
0.157750274,1.363659048,4,A,0.17930296630762277,0.08163085858806558
0.134223079,1.294631077,4,B,0.10392323681867777,-0.1361371639648617
0.128884441,1.531549563,4,B,0.08681855909235286,0.6112884007015755
0.152431869,1.27793715,4,A,0.16226311390649067,-0.18880282136094703
0.145121709,1.348345162,4,B,0.13884179728455986,0.033318926142290095
0.134933043,1.42505608,4,B,0.10619791912852772,0.275324951802233
0.179460498,1.205555111,4,B,0.24886122908669184,-0.41715218862510867
0.155341378,1.279744067,4,D,0.17158500720340308,-0.18310239678947515
0.174938575,1.335708436,4,B,0.23437325750700133,-0.0065471570222167
0.158949881,1.026348449,4,C,0.1831464355844763,-0.9825096784468919
0.151529729,1.082836252,4,D,0.1593727111550723,-0.8043031198669022
0.152843245,1.148931903,4,D,0.1635811380737679,-0.5957859201129297
0.185623294,1.004549591,4,B,0.2686064598877096,-1.051280267119882
0.17824892,1.069362649,4,B,0.2449794054398543,-0.846809365370963
0.241374626,1.083537082,4,A,0.44723040230023947,-0.8020921558035695
0.18674976,2.077083943,4,D,0.2722155897630939,2.332329037507159
0.16377681,1.963431671,4,B,0.19861162819593492,1.973781188373835
0.156672641,2.024808538,4,C,0.1758502944515702,2.1674116654609277
0.164085875,2.068762795,4,D,0.1996018540216018,2.3060776510173224
0.153614918,2.115555103,4,B,0.1660535323389543,2.453697061471203
0.148161138,2.01583325,4,A,0.14857994651233036,2.1390966115590397
0.177850209,2.103875859,4,A,0.24370195917716697,2.416851622818614
0.183063512,2.129791061,4,D,0.2604050710391592,2.498608368842624
0.153726498,2.067361017,4,B,0.1664110280037106,2.3016553506266852
0.195906702,2.059279063,4,A,0.3015538857608089,2.2761585684462595
0.209558489,1.94583523,4,B,0.3452933970412949,1.9182682983811787
0.188647148,1.887545886,4,B,0.2782947077444585,1.7343782753238979
0.207611668,1.901663628,4,D,0.33905589867638586,1.778916637290997
0.21727179,1.903447486,4,B,0.37000635338168353,1.7845443158037433
0.218379337,1.896020397,4,D,0.373554867909501,1.7611134882504522
0.151651652,1.691236691,4,C,0.1597633451749153,1.1150660663049328
0.166213789,1.756827707,4,B,0.20641956355713031,1.3219912539445553
0.138187641,1.802844763,4,C,0.11662545699843785,1.467164915340851
0.144001479,1.864933144,4,A,0.13525264718122626,1.6630400621546375
0.146341463,1.896805745,4,A,0.14274981634773592,1.7635910879610954
0.14920893,1.856356701,4,C,0.15193700958426393,1.6359832762518918
0.14105735,1.805765961,4,A,0.1258198334692407,1.4763806506830588
0.154940711,1.842608696,4,B,0.1703012940333823,1.5926113529644794
0.18823813,1.888487186,4,B,0.27698423846853726,1.7373478691951862
0.141840562,1.683623425,4,D,0.12832919800217785,1.0910478913829225
0.160313572,1.691229789,4,A,0.18751562021045953,1.1150442920173522
0.16739595,1.735219294,4,B,0.21020713689055914,1.2538214772388634
0.150575941,1.510628191,4,B,0.15631683129222412,0.5452860868057461
0.171676929,1.56899674,4,A,0.2239231382654725,0.7294259841672618
0.22405334,1.571392628,4,D,0.39173403509281635,0.7369844823305391
0.101787008,1.412825458,4,A,0.0,0.23674003718070424
0.101787008,1.530694828,4,A,0.0,0.6085919003110772
0.101787008,1.521328428,4,D,0.0,0.5790429743193262
0.101787008,1.452389866,4,A,0.0,0.36155701743986995
0.101787008,1.49535364,4,C,0.0,0.49709824760859206
0.101787008,1.472335543,4,A,0.0,0.4244812288261411
0.101787008,1.413659359,4,B,0.0,0.23937081089669415
0.101787008,1.527948134,4,A,0.0,0.5999266865973792
0.101787008,1.433219178,4,B,0.0,0.30107772540419453
0.101787008,1.428478684,4,D,0.0,0.28612251247603215
0.101787008,1.43107221,4,B,0.0,0.29430451493500015
0.101787008,1.367338098,4,D,0.0,0.09323744982588968
0.101787008,1.421178582,4,A,0.0,0.26309230089738544
0.101787008,1.47791654,4,A,0.0,0.442088043324047
0.101787008,1.453512706,4,A,0.0,0.36509932996768996
0.179059422,0.959882428,0,D,0.24757620550506598,-1.192195313855926
0.17180265,0.934615999,0,B,0.22432594085078195,-1.2719053241690488
0.164061266,0.870124743,0,B,0.19952300825341762,-1.4753610115899443
0.177889253,1.000482346,0,C,0.24382705382436842,-1.0641115279559894
0.173394848,0.983756248,0,B,0.22942724827535332,-1.1168786777609068
0.17591898,0.890003751,0,C,0.2375144166502654,-1.4126471261930544
0.191304348,0.974770361,0,B,0.28680821805446477,-1.1452271691699047
0.188955582,0.928331333,0,C,0.27928291188376175,-1.2917320591490704
0.195124954,0.950141573,0,A,0.29904921179655075,-1.222925562776683
0.224601513,0.993720818,0,A,0.39349034868876964,-1.085442657361434
0.209391471,0.980674014,0,C,0.34475828133116526,-1.126602446162348
0.220180529,0.98420374,0,A,0.3793257796445231,-1.1154669392071508
0.196041822,0.903472741,0,A,0.3019868021815104,-1.370155433686474
0.210340338,0.885623954,0,A,0.3477983946035289,-1.4264644196475185
0.217907021,0.89879472,0,D,0.3720415956170199,-1.3849135580797152
0.166484998,1.170672939,0,D,0.2072885010167368,-0.5271977470957628
0.162102957,1.163774716,0,A,0.19324870302171593,-0.5489601190744944
0.165003137,1.154622711,0,B,0.202540706759061,-0.5778326761317562
0.185223477,1.270876412,0,C,0.26732547006699015,-0.21107789231768032
0.182363767,1.299591902,0,A,0.25816312979579215,-0.12048685533155253
0.168799173,1.246920448,0,B,0.21470297968663687,-0.28665367461365887
0.193424601,1.377722464,0,A,0.2936013822029373,0.12599783400820705
0.197420021,1.33880289,0,A,0.30640246957415684,0.0032151627837789026
0.186759509,1.317605487,0,A,0.2722468249776101,-0.06365796803108284
0.199354005,1.364470284,0,A,0.3125988389567351,0.08419012922842338
0.22740297,1.393592081,0,D,0.40246604982249645,0.17606297517775263
0.207787151,1.342245295,0,B,0.3396181357416165,0.014075191244941328
0.239925499,1.417710803,0,B,0.4425874858261283,0.25215222306313245
0.231901421,1.42683553,0,C,0.41687881851418584,0.2809387240472811
0.242242414,1.438539345,0,D,0.4500107432925997,0.3178616787850827
0.101787008,1.158784033,0,B,0.0,-0.5647046231118288
0.101787008,1.089650528,0,B,0.0,-0.7828055821564306
0.101787008,1.041056369,0,A,0.0,-0.9361094350692233
0.101787008,1.193726401,0,D,0.0,-0.45446915953900174
0.101787008,1.149662488,0,B,0.0,-0.5934810855878528
0.101787008,1.09943662,0,A,0.0,-0.7519326204788948
0.101787008,1.208780881,0,C,0.0,-0.40697559580434384
0.101787008,1.241538671,0,B,0.0,-0.30363199395482593
0.101787008,1.156965777,0,C,0.0,-0.570440819727184
0.101787008,1.259828213,0,C,0.0,-0.24593252318900097
0.101787008,1.314201378,0,A,0.0,-0.07439718105944558
0.101787008,1.290897205,0,B,0.0,-0.1479167065202374
0.101787008,1.297473513,0,B,0.0,-0.12716990535960399
0.101787008,1.302050963,0,D,0.0,-0.11272906028775775
0.101787008,1.300828157,0,D,0.0,-0.11658674349542202
0.101787008,1.12545542,0,C,0.0,-0.6698490456161759
0.101787008,1.101112097,0,B,0.0,-0.7466468601148407
0.101787008,1.083817829,0,A,0.0,-0.801206460944776
0.101787008,1.159500942,0,D,0.0,-0.562442933350147
0.101787008,1.177479022,0,D,0.0,-0.5057260564931068
0.101787008,1.172317905,0,C,0.0,-0.5220082422066963
0.101787008,1.203796317,0,B,0.0,-0.42270079574638675
0.101787008,1.175906913,0,B,0.0,-0.510685713617719
0.101787008,1.194562838,0,C,0.0,-0.451830385302394
0.101787008,1.213914373,0,C,0.0,-0.3907805608723269
0.101787008,1.212947449,0,B,0.0,-0.3938309928115612
0.101787008,1.20661157,0,B,0.0,-0.413819293510196
0.101787008,1.185213127,0,B,0.0,-0.48132666118034734
0.101787008,1.210486751,0,B,0.0,-0.40159395222927285
0.101787008,1.196952596,0,C,0.0,-0.4442912259369817
0.156298701,0.967012987,0,A,0.17465221299540445,-1.1696999730450686
0.162401385,0.924187031,0,D,0.1942048485338319,-1.3048064178232106
0.159211035,0.909887843,0,B,0.18398315742381832,-1.3499172018975758
0.195911844,0.98384926,0,D,0.3015703604221118,-1.1165852454171736
0.168248773,0.919394435,0,D,0.2129395309155141,-1.3199260010688934
0.173029251,0.917534292,0,A,0.2282558972935652,-1.3257943419299576
0.199138638,0.914581624,0,C,0.3119088159344052,-1.3351093581806208
0.175357359,0.893597745,0,C,0.2357150164644246,-1.4013088678738712
0.179856115,0.89352518,0,C,0.25012876235792236,-1.4015377944427334
0.19113466,0.931119152,0,D,0.28626454782358846,-1.2829371051315828
0.201456311,0.943025038,0,D,0.31933450198766533,-1.2453766609609058
0.189268792,0.913305161,0,B,0.280286418042198,-1.339136317387809
0.201234145,0.904696606,0,A,0.3186226953748651,-1.3662944095674
0.204959514,0.880398111,0,B,0.3305585554494087,-1.4429508016140704
0.211486026,0.898773006,0,A,0.35146911062040764,-1.3849820609601162
0.168493902,1.22125531,0,A,0.21372490961067503,-0.36762152387592356
0.160995906,1.180659016,0,A,0.1897017776483143,-0.4956938768552299
0.152564521,1.142371774,0,A,0.16268812300239727,-0.6164816800972721
0.175831261,1.284056369,0,D,0.23723337020630808,-0.1694980351721964
0.194691084,1.258324084,0,C,0.2976591181949392,-0.25067771840840714
0.162132851,1.266244916,0,A,0.19334448161467366,-0.22568924059824613
0.194730001,1.32636181,0,D,0.2977838059417157,-0.03603370040564833
0.186046512,1.316590746,0,A,0.269962425116665,-0.0668592520580087
0.181901805,1.256755203,0,D,0.2566830311017415,-0.25562719190504046
0.21166088,1.334635417,0,A,0.3520293324071553,-0.00993229528438143
0.195289643,1.31816852,0,C,0.29957686552959484,-0.06188172310796279
0.208481067,1.299673805,0,A,0.3418414012166572,-0.12022846943243382
0.239905919,1.400627205,0,C,0.44252475267398694,0.19825723961433345
0.250543371,1.389251136,0,D,0.4766065144059587,0.16236825121344797
0.220007522,1.311583302,0,D,0.3787714755356102,-0.08265663335325917
0.205443775,1.268256562,0,D,0.3321100988094243,-0.21934294119019182
0.201041454,1.28803349,0,B,0.318005324904014,-0.1569510956768474
0.195716211,1.255978831,0,B,0.3009435639587378,-0.25807647431557906
0.227790282,1.377532106,0,C,0.40370697436908276,0.125397296506719
0.198639545,1.302701289,0,B,0.31030975173105135,-0.11067742520442629
0.187360926,1.272299574,0,B,0.274173729173799,-0.20658813012385202
0.209871353,1.367022618,0,A,0.3462957946363687,0.09224218001338129
0.203944642,1.341261291,0,A,0.3273069660939456,0.010970875673154246
0.190011388,1.295835367,0,D,0.28266565133369637,-0.13233789465300166
0.247493461,1.424585876,0,B,0.4668347846793326,0.27384156189821174
0.261014042,1.46017794,0,B,0.5101539197616648,0.3861266730433329
0.222162798,1.429992513,0,C,0.3856768512871188,0.29089830905584535
0.311126961,1.462624822,0,C,0.6707127232280962,0.3938460460285301
0.31268071,1.380558998,0,D,0.6756908423499769,0.1349464731053074
0.267345815,1.397301762,0,D,0.5304405427919667,0.18776620046409556
0.256337183,1.070046498,0,B,0.49516954247920775,-0.8446519726170204
0.258608842,1.095059937,0,A,0.5024478024209954,-0.7657400899502346
0.283181712,1.081486665,0,C,0.5811778122401433,-0.8085607691646511
0.343639411,1.110448873,0,B,0.7748806738071113,-0.7171913913087297
0.330352941,1.099105882,0,B,0.7323116164051141,-0.7529760259158464
0.36601432,1.106921241,0,C,0.8465685476807184,-0.7283202921558141
0.346058837,1.034807995,0,A,0.7826323704032639,-0.9558216767944095
0.337522645,1.060235507,0,D,0.7552829203806116,-0.8756034851474199
0.3382779,1.090740526,0,D,0.7577027123530576,-0.7793668788944346
0.381637168,0.977876106,0,A,0.896623220840307,-1.1354292287494392
0.377352572,0.964711418,0,B,0.8828956308131312,-1.1769609155679064
0.37368756,1.014794782,0,A,0.8711531509665648,-1.0189589493638225
0.360229446,0.926386233,0,A,0.8280341564263579,-1.2978684206056124
0.355771096,0.942386033,0,A,0.8137498689468247,-1.2473925807863842
0.413902681,0.830387289,0,B,0.9999999999999999,-1.6007239138092186
0.178919878,1.256430472,0,A,0.2471291148522362,-0.2566516465819953
0.172754342,1.200942928,0,B,0.227375105254647,-0.43170260865066973
0.166318408,1.182587065,0,A,0.20675475659307885,-0.48961130754263643
0.178789982,1.295880386,0,A,0.24671293581594655,-0.13219586963813734
0.183008623,1.2772916,0,B,0.2602292099570406,-0.19083938921775165
0.178647275,1.268807517,0,A,0.2462557110997755,-0.21760479969294785
0.188441029,1.22718005,0,B,0.2776343147625272,-0.34893027603466475
0.186798628,1.238700125,0,D,0.27237215992033825,-0.3125869804681268
0.193201719,1.182216208,0,D,0.29288728156884314,-0.49078127957527695
0.199444885,1.213124504,0,A,0.31289001305615305,-0.39327242334074325
0.202951664,1.191461965,0,B,0.32412552380860415,-0.4616129556375086
0.199104274,1.093661766,0,A,0.3117987157280627,-0.7701510110514912
0.243175557,1.09679439,0,B,0.45300047780682895,-0.7602682733149033
0.223539583,1.076818575,0,A,0.3900879883081039,-0.8232875634434385
0.223865878,1.060774162,0,D,0.39113341802607904,-0.8739041474370846
0.123739072,1.829242322,2,D,0.07033310371440399,1.550443391303215
0.12838027,1.831980292,2,B,0.08520322527987878,1.559081082721223
0.129905203,1.809744268,2,C,0.09008901965650407,1.488931331746804
0.133304004,1.795497874,2,D,0.10097857533735577,1.4439871010973202
0.133941251,1.823529412,2,C,0.10302027671644676,1.5324204203872245
0.140152339,1.805875952,2,B,0.12292023220506448,1.4767276480266227
0.136185281,1.811943727,2,C,0.11021001499017957,1.495870139742714
0.142981187,1.750795948,2,A,0.1319836924690418,1.3029623847641785
0.136889399,1.739986617,2,B,0.11246596706471701,1.2688613297441773
0.154219078,1.664832285,2,B,0.16798922494353563,1.0317659895678564
0.17403935,1.706985343,2,C,0.2314921942417163,1.1647495895815214
0.1690467,1.658304387,2,A,0.21549604143076784,1.0111719112791118
0.185483871,1.657669519,2,D,0.2681597569116626,1.009169042776108
0.173265707,1.65117801,2,B,0.22901348821403145,0.9886897637558031
0.167288053,1.595396337,2,B,0.20986144133812845,0.8127108895700902
0.101787008,1.796278596,2,B,0.0,1.4464501067983506
0.101787008,1.720543145,2,A,0.0,1.2075214643582568
0.101787008,1.690148699,2,D,0.0,1.1116336915304605
0.101787008,1.720201629,2,A,0.0,1.2064440567086798
0.101787008,1.616373635,2,A,0.0,0.878889637659955
0.101787008,1.633189099,2,C,0.0,0.9319387174828276
0.101787008,1.641206878,2,B,0.0,0.9572330416937536
0.101787008,1.607865054,2,C,0.0,0.8520469413984434
0.101787008,1.616376199,2,B,0.0,0.878897726514397
0.101787008,1.698083569,2,D,0.0,1.136666456134168
0.101787008,1.690822002,2,B,0.0,1.1137578139806037
0.101787008,1.648240447,2,A,0.0,0.9794224004483313
0.101787008,1.652437868,2,A,0.0,0.9926643378506653
0.101787008,1.520331187,2,A,0.0,0.5758968989323113
0.101787008,1.565064043,2,B,0.0,0.7170191925930196
0.101787008,1.695750098,2,A,0.0,1.1293048698381631
0.101787008,1.626927808,2,D,0.0,0.9121857254718292
0.101787008,1.690736342,2,D,0.0,1.1134875755751912
0.101787008,1.590965042,2,B,0.0,0.7987311312848779
0.101787008,1.551093582,2,A,0.0,0.672945469694185
0.101787008,1.544695071,2,D,0.0,0.6527595788507013
0.101787008,1.527317753,2,B,0.0,0.5979379735896484
0.101787008,1.504322767,2,C,0.0,0.5253938649144526
0.101787008,1.516119221,2,B,0.0,0.5626090752632634
0.101787008,1.439058729,2,A,0.0,0.3195002207411496
0.101787008,1.451715882,2,B,0.0,0.3594307465849389
0.101787008,1.424500297,2,C,0.0,0.27357157902993257
0.101787008,1.415561671,2,B,0.0,0.24537218565126623
0.101787008,1.402633578,2,A,0.0,0.2045869038704887
0.101787008,1.398355755,2,C,0.0,0.1910913158929508
0.136391865,1.65308182,2,D,0.11087189780437584,0.9946958643699509
0.140989155,1.597492501,2,C,0.12560134075676488,0.8193238246254558
0.142352037,1.640584166,2,B,0.12996793339500123,0.9552685226894216
0.150691603,1.546269238,2,A,0.1566874054415076,0.6577257285113669
0.165871703,1.500340699,2,B,0.20532354041701717,0.5128313187252963
0.157961783,1.543263106,2,B,0.17998062852806496,0.6482420451336083
0.19703759,1.493154095,2,C,0.305177183460441,0.4901591683016514
0.204378669,1.411081213,2,B,0.3286975627141928,0.23123732894525809
0.192047273,1.450695556,2,C,0.28918850544233954,0.3562118431149337
0.202893558,1.214261109,2,B,0.3239393556503649,-0.3896866852741594
0.219076508,1.164981463,2,B,0.3757885622103956,-0.5451530984695913
0.210307132,1.217768523,2,D,0.34769200456011706,-0.37862156775745803
0.18574279,1.115545075,2,A,0.26898931794431225,-0.7011139981014125
0.203836501,1.102545715,2,D,0.32696048878006845,-0.7421241115473608
0.205688454,1.159540403,2,D,0.33289403573142573,-0.5623184425993182
0.143242203,1.686240534,2,A,0.13281997216461477,1.099304293005034
0.152258567,1.658813603,2,D,0.16170786463517328,1.0127783754380006
0.163909273,1.800200133,2,B,0.19903603174711448,1.4588216910342267
0.149065346,1.552644192,2,B,0.15147697501240182,0.6778373022159724
0.169304556,1.558673062,2,D,0.21632219667482055,0.6968570572385945
0.161916563,1.657414292,2,A,0.19265150776327722,1.0083638578882006
0.167801404,1.541636116,2,A,0.21150618732305693,0.6431092505594587
0.168804303,1.475796442,2,A,0.21471941590065546,0.435399601777961
0.179907298,1.634364558,2,C,0.25029274963708725,0.9356470313491302
0.185953177,1.326688963,2,C,0.26966338534367673,-0.03500160485293027
0.211382114,1.347194456,2,B,0.3511361827702898,0.0296887025310559
0.20685297,1.426625474,2,B,0.33662507553729926,0.28027604370070996
0.187358916,1.211222186,2,C,0.2741672892536864,-0.39927381702399134
0.188651794,1.225024248,2,A,0.27830959325134563,-0.35573135582528564
0.224332045,1.23676693,2,C,0.39262698928932027,-0.31868578427563304
0.121228662,1.872618102,2,C,0.062289899809036486,1.6872844095230723
0.122583901,1.940550088,2,D,0.06663200473114333,1.9015948411495962
0.117812408,1.864434362,2,C,0.051344425757177514,1.6614665149642522
0.132265477,1.985739389,2,D,0.0976511967728067,2.0441571181042386
0.132684984,1.997755713,2,A,0.09899527217910647,2.0820659698048822
0.130651238,2.031485468,2,B,0.09247927129888156,2.1884759068367083
0.15461325,1.9236906,2,C,0.16925212852095384,1.8484068753173861
0.160906366,2.00167519,2,C,0.1894148968289715,2.0944310551951455
0.147053726,1.933968804,2,D,0.14503186451646083,1.8808323418065516
0.161026135,1.818017584,2,B,0.1897986295612908,1.5150318188272582
0.186210305,1.898183615,2,C,0.2704872081191514,1.767937963885277
0.168495489,1.836625213,2,B,0.21372999426401762,1.5737347839155489
0.173114557,1.777359627,2,A,0.22852921262944714,1.3867649326843652
0.19634425,1.832140137,2,A,0.3029557634550444,1.5595853584381634
0.180551393,1.770902008,2,B,0.2523563915997259,1.3663925691387204
0.172755245,1.654321678,2,B,0.22737799841278716,0.9986073428763445
0.169065362,1.648273508,2,C,0.21555583336566375,0.9795267006108495
0.180171484,1.631082846,2,C,0.2511391858235841,0.9252939538578593
0.201804695,1.696719431,2,C,0.3204507035441312,1.132362901641029
0.187395342,1.679479373,2,A,0.2742839959850397,1.0779743214036381
0.184708098,1.665310734,2,C,0.2656742264910227,1.0332753906282242
0.216351502,1.549870226,2,A,0.36705780552071154,0.6690860513578372
0.212855935,1.667700404,2,D,0.3558582173475152,1.0408142723730471
0.196109604,1.66557561,2,C,0.30220397166661983,1.0341110159827889
0.234284999,1.391810669,2,D,0.42451566025651,0.17044301325547564
0.234244353,1.346312243,2,A,0.4243854328968606,0.026905515111560894
0.228731004,1.502662683,2,C,0.4067209915472587,0.5201566660700636
0.275355524,1.322394124,2,D,0.5561031726849552,-0.048550874557137975
0.264687101,1.462324393,2,B,0.5219221817162638,0.3928982588011242
0.261267146,1.512083605,2,C,0.5109648498811529,0.5498775969455394
0.134666667,1.93776,2,A,0.10534446631265448,1.8927927289375965
0.140480388,2.012505509,2,C,0.1239712816344215,2.1285983227256864
0.137452641,1.957265433,2,B,0.1142705608378724,1.9543280676113737
0.149282037,1.946491466,2,D,0.1521712400517612,1.9203385782109021
0.149264142,2.064797377,2,C,0.1521139055391172,2.293567631905566
0.150616944,1.975253326,2,C,0.15644820245858015,2.0110759023188955
0.168502799,1.932815604,2,B,0.21375341506800916,1.877194250175435
0.165352189,1.978152479,2,D,0.2036590485476838,2.0202220905487134
0.16903214,1.94634191,2,A,0.2154493920592062,1.9198667620194496
0.214610778,1.878443114,2,B,0.3614806296510461,1.7056610375219903
0.220930233,1.918362403,2,B,0.38172778654406114,1.8315975890577267
0.182055233,1.906483347,2,D,0.2571746052624535,1.7941217876189814
0.248434876,1.742708811,2,A,0.4698510221881744,1.2774492513620015
0.242669994,1.866500312,2,B,0.4513806841093815,1.6679841315141182
0.233313198,1.71987315,2,B,0.42140206781605616,1.2054077779184462
0.166545145,1.585915664,2,B,0.2074812084172396,0.7828014574692842
0.165622529,1.58804209,2,A,0.20452520178312217,0.7895098624595618
0.172507572,1.655108474,2,A,0.22658446889336437,1.0010895107075926
0.182262997,1.609250765,2,B,0.2578402687262681,0.8564185539480847
0.192646377,1.580024718,2,B,0.29110799892448846,0.764216822243861
0.187412912,1.647313826,2,A,0.27434028921706854,0.9764991155841994
0.202260559,1.579317866,2,D,0.32191126460989994,0.7619868600988404
0.209649915,1.526632561,2,D,0.34558632049214644,0.5957763439669398
0.200978923,1.556887424,2,B,0.3178049793097061,0.6912237632184735
0.236705271,1.487827937,2,A,0.43227006738620266,0.4733563146372371
0.243763364,1.473509147,2,B,0.45488377637479294,0.428183690576613
0.229322402,1.489269351,2,D,0.4086157954650358,0.4779036578651016
0.256182921,1.387618603,2,A,0.49467529623224016,0.15721796969695379
0.278945717,1.396454346,2,A,0.5676059369181373,0.18509278990419845
0.255019763,1.393201581,2,B,0.4909486073773681,0.17483103381289766
0.284144953,1.19827182,1,B,0.5842639789511627,-0.44012936520686763
0.280088587,1.246106997,1,B,0.5712676242310971,-0.28921993309043914
0.271971336,1.20970795,1,A,0.5452604361845039,-0.40405089759903035
0.291233657,1.202732149,1,A,0.6069757637579448,-0.4260580110558745
0.287197232,1.268831515,1,A,0.5940432988124887,-0.2175290912963438
0.283627026,1.317276189,1,B,0.582604571735172,-0.0646968305856644
0.278089258,1.270127831,1,B,0.5648618933660534,-0.2134395002532621
0.305088648,1.306009671,1,C,0.651366328534229,-0.10024020974593213
0.297424143,1.212726479,1,D,0.6268097116673791,-0.3945281044207597
0.309417665,1.226107551,1,D,0.6652362407958924,-0.3523137738115301
0.294801944,1.301133854,1,D,0.6184083424737212,-0.11562233689001349
0.316425833,1.254792097,1,A,0.6876899930622836,-0.26182035831988115
0.309433962,1.269433962,1,A,0.6652884554118498,-0.21562850389702823
0.319396716,1.299732722,1,C,0.6972085249945138,-0.12004259929314329
0.333270747,1.282951558,1,C,0.7416600927951477,-0.17298347018179172
0.101787008,0.95419426,1,D,0.0,-1.2101402292194219
0.101787008,1.058412659,1,B,0.0,-0.8813541685098869
0.101787008,1.099716357,1,B,0.0,-0.7510501119473192
0.101787008,1.061175721,1,B,0.0,-0.8726373173665858
0.101787008,1.092466029,1,C,0.0,-0.7739232975349432
0.101787008,1.206585588,1,C,0.0,-0.4139012609891757
0.101787008,1.042579451,1,A,0.0,-0.931304447315405
0.101787008,1.085847589,1,D,0.0,-0.7948030158622456
0.101787008,1.123616819,1,C,0.0,-0.6756494262189005
0.101787008,1.051519337,1,B,0.0,-0.9031010789146647
0.101787008,1.060047479,1,C,0.0,-0.8761966720128511
0.101787008,1.152578797,1,A,0.0,-0.5842807739622462
0.101787008,1.060863765,1,B,0.0,-0.8736214697364059
0.101787008,1.058920614,1,A,0.0,-0.8797516825278511
0.101787008,1.092349174,1,C,0.0,-0.7742919492844695
0.319762968,0.673695552,1,A,0.698381974557234,-2.095051781520605
0.314763671,0.73400142,1,D,0.6823645251547493,-1.9048000700412413
0.280835802,0.749727117,1,B,0.573661656523093,-1.8551889647263173
0.342216958,0.751653341,1,A,0.7703232192380164,-1.8491121528861723
0.292793976,0.710708344,1,B,0.6119749327679549,-1.9782845869147714
0.265749584,0.722597038,1,B,0.5253263138759455,-1.940778379711943
0.325829659,0.673938269,1,D,0.7178192906704816,-2.0942860629232847
0.338325472,0.708726415,1,A,0.7578551302036024,-1.9845371357426995
0.265521656,0.661403883,1,B,0.5245960461588226,-2.133829285961596
0.371375407,0.765855171,1,C,0.8637451506640615,-1.8043085118269149
0.395820239,0.779384035,1,D,0.9420649343680988,-1.7616279300571351
0.382081477,0.802673456,1,C,0.8980467603752792,-1.6881549439023975
0.383317536,0.670900474,1,B,0.9020070196859354,-2.1038696360819276
0.387954111,0.719502868,1,D,0.9168623294351513,-1.9505398035605823
0.340367861,0.735140368,1,D,0.7643988227403115,-1.9012069403264678
0.201123327,1.019478967,1,C,0.3182676411126588,-1.0041813789102152
0.210668589,1.035021325,1,B,0.34885009122883737,-0.9551486677000061
0.202164784,1.006387887,1,B,0.32160440722244654,-1.0454808487248815
0.207662367,1.083568648,1,C,0.33921833524841916,-0.8019925720362895
0.222488593,1.094037584,1,A,0.3867206790349167,-0.7689653881581312
0.203440367,1.042966361,1,A,0.3256912990716746,-0.93008383160868
0.240371569,0.795637199,1,B,0.44401666750006497,-1.7103527827040652
0.238153846,1.044512821,1,C,0.43691121528523813,-0.9252050914214994
0.23614532,1.010570608,1,B,0.43047601778075395,-1.0322852865800718
0.248014348,1.143991801,1,A,0.4685036755587727,-0.611370852252247
0.244876783,1.160311284,1,B,0.45845110444037196,-0.5598864830825938
0.249186727,1.139492518,1,C,0.4722599079476537,-0.6255650976809012
0.316394326,1.156401508,1,D,0.687589046513534,-0.5722209639576711
0.31385553,1.17314931,1,A,0.6794548955572633,-0.519385342820148
0.311863173,1.161208151,1,A,0.6730715025643713,-0.5570570655254272
0.101787008,0.944237918,1,A,0.0,-1.2415502920937986
0.101787008,0.91365989,1,C,0.0,-1.33801722563771
0.101787008,0.887000222,1,A,0.0,-1.4221225976799736
0.101787008,1.08123138,1,A,0.0,-0.8093661370297649
0.101787008,1.086551792,1,A,0.0,-0.7925814107279171
0.101787008,1.04956411,1,B,0.0,-0.9092693888224281
0.101787008,1.10076713,1,D,0.0,-0.7477351549082081
0.101787008,1.075570952,1,C,0.0,-0.827223538812054
0.101787008,1.043089119,1,C,0.0,-0.9296965571962166
0.101787008,0.935244345,1,D,0.0,-1.2699230311374452
0.101787008,0.889996562,1,B,0.0,-1.4126698059023295
0.101787008,0.586478779,1,A,0.0,-2.3702014623602397
0.101787008,1.075310227,1,A,0.0,-0.8280460686772322
0.101787008,1.056414542,1,B,0.0,-0.8876577869071219
0.101787008,1.015289256,1,C,0.0,-1.0173989929631944
0.16912608,1.062237174,1,D,0.215750370216109,-0.8692886672832317
0.175543478,1.076086957,1,A,0.2363113306392659,-0.8255956568556597
0.171406432,1.035102673,1,B,0.22305648201139838,-0.954892032703468
0.188072481,1.08213859,1,C,0.2764535089527529,-0.8065040895890216
0.186823105,1.062976334,1,C,0.2724505827683955,-0.8669567805245986
0.186632911,1.07321519,1,B,0.27184121253660976,-0.8346554482961869
0.206422592,1.086092715,1,C,0.3352461700954056,-0.7940296974012943
0.206731392,1.114174757,1,D,0.3362355468768786,-0.7054370491313882
0.220642848,1.070943783,1,C,0.38080702214528006,-0.841821236362055
0.234800134,1.171313403,1,B,0.426166122071031,-0.5251772244471052
0.238465439,1.19553828,1,A,0.4379095406721213,-0.44875308095203004
0.242424242,1.195530726,1,A,0.4505933093593797,-0.4487769121557946
0.290640394,1.248661384,1,B,0.6050749844914068,-0.2811614055433249
0.295246216,1.249840119,1,D,0.6198317634629005,-0.27744275661963136
0.290695187,1.265026738,1,D,0.6052505379952515,-0.22953232348673902
0.101787008,1.024573643,1,B,0.0,-0.9881087998962979
0.101787008,1.000387447,1,A,0.0,-1.0644109133684951
0.101787008,0.967634098,1,D,0.0,-1.1677405048425935
0.101787008,1.065451695,1,A,0.0,-0.8591475625762018
0.101787008,1.031219224,1,C,0.0,-0.9671434577006641
0.101787008,1.022062397,1,D,0.0,-0.9960312271043056
0.101787008,1.135901261,1,D,0.0,-0.636894721368802
0.101787008,1.13243206,1,A,0.0,-0.6478392852993957
0.101787008,1.079707198,1,D,0.0,-0.8141745950409497
0.101787008,1.178408884,1,C,0.0,-0.5027925469888638
0.101787008,1.208178439,1,C,0.0,-0.4088761674297624
0.101787008,1.192581765,1,D,0.0,-0.45808023363913575
0.101787008,1.256222222,1,A,0.0,-0.257308629396927
0.101787008,1.260425909,1,C,0.0,-0.24404692414672574
0.101787008,1.213191206,1,B,0.0,-0.3930619932436406
0.166475754,1.049637266,1,A,0.20725888379209967,-0.9090385977789266
0.169074046,1.01185951,1,D,0.21558365638370236,-1.0282190850716353
0.166063314,1.005776785,1,A,0.2059374506322852,-1.0474087407401076
0.183363403,1.051846928,1,C,0.2613659039160139,-0.902067601568559
0.187272727,1.066602871,1,B,0.27389114483847143,-0.8555158562186385
0.186442317,1.062179673,1,C,0.2712305607286821,-0.8694700702548597
0.212443277,1.072008598,1,D,0.35453608572870354,-0.8384619799102796
0.20907579,1.064742219,1,A,0.34374685823611306,-0.8613858028624293
0.209049884,1.061592877,1,C,0.34366385695728896,-0.8713212822014189
0.266265632,1.09260725,1,B,0.52697970088801,-0.7734777764299848
0.255998729,1.085174003,1,B,0.494085156050462,-0.7969280311149652
0.267451233,1.08350798,1,C,0.5307782957762586,-0.8021839661943508
0.289239482,1.013754045,1,D,0.6005865460014883,-1.02224224503664
0.30262618,1.033237587,1,C,0.6434767279373376,-0.9607759676392226
0.293752586,1.029168391,1,A,0.6150462620311924,-0.973613383449985
0.150246002,0.968327183,1,A,0.15525972641559715,-1.1655539745458956
0.150036241,0.93579367,1,C,0.1545876646828946,-1.2681900319306614
0.151831825,0.943131417,1,C,0.16034060872040862,-1.2450410586806193
0.150858242,1.000887837,1,D,0.15722130685824287,-1.0628322932927976
0.150299576,0.978225924,1,D,0.15543137431614973,-1.1343256301210887
0.15358061,0.940653691,1,D,0.1659436115532718,-1.252857737682353
0.17305811,0.978966934,1,C,0.22834835980825607,-1.1319879070205219
0.180041937,0.957682043,1,D,0.2507241249624783,-1.1991370431775819
0.163776677,0.935499238,1,D,0.19861120207186778,-1.2691188999458651
0.194055305,0.977951029,1,A,0.29562212020028866,-1.1351928632106962
0.174059382,0.96333694,1,B,0.23155637557489783,-1.1812970904802835
0.174305305,0.954529051,1,D,0.23234429819870017,-1.2090840374614675
0.179298981,0.944278011,1,C,0.24834373825245226,-1.2414238075223745
0.189581805,0.911518709,1,C,0.28128929302438455,-1.3447721793983807
0.170685921,0.887509025,1,B,0.22074800774262937,-1.4205174364449866
0.187052394,1.357802488,7,A,0.27318521104834104,0.0631547036078971
0.182910798,1.32741784,7,B,0.2599157844918605,-0.03270215869110822
0.179930479,1.267105745,7,D,0.25036702017844514,-0.22297351498194157
0.233241621,1.329914957,7,C,0.4211727393773014,-0.02482430536157499
0.231234568,1.297777778,7,A,0.41474226127695935,-0.12621001639832954
0.215877935,1.228155918,7,B,0.36554052509884694,-0.3458516277482673
0.283292232,1.327527744,7,D,0.5815319117281239,-0.03235543581335434
0.264407286,1.31054046,7,B,0.5210256711459665,-0.08594656983676342
0.269946011,1.275344931,7,C,0.5387714156860043,-0.19698070052320926
0.275503844,1.377103678,7,C,0.5565783811183362,0.12404570066789154
0.287720034,1.351215423,7,C,0.5957183252377076,0.042373966485005445
0.284309791,1.295746388,7,B,0.5847921100713195,-0.13261860377132048
0.365311653,1.440108401,7,A,0.8443172445236354,0.3228117043681153
0.337151783,1.373860974,7,B,0.754094700652857,0.11381568481237005
0.376429902,1.365522745,7,C,0.8799394511662347,0.08751041153520127
0.170368773,1.799439293,7,D,0.21973188446707703,1.4564214086576937
0.163084495,1.857424118,7,C,0.19639349222940172,1.6393507414397268
0.162924613,1.678112948,7,D,0.19588123983764183,1.0736635519299584
0.18805093,1.791101161,7,B,0.2763844608341729,1.430116441394129
0.189820317,1.809900021,7,B,0.2820534712462196,1.4894226981063439
0.196089308,1.807932326,7,D,0.3021389444931847,1.483215054408729
0.230607046,1.858736713,7,C,0.41273171821781596,1.6434916891370435
0.218988219,1.755024255,7,D,0.3755056895204363,1.316301760683785
0.22039993,1.760042098,7,B,0.380028727362243,1.3321319485302607
0.211157699,1.710225949,7,C,0.35041717049563226,1.1749729867098127
0.21754506,1.686972393,7,A,0.3708818941623607,1.1016131467190968
0.214421677,1.677079834,7,A,0.36087476132606777,1.0704043051406853
0.280546499,1.796615432,7,A,0.5727347469667119,1.447512750080226
0.236000579,1.595138186,7,A,0.4300122762499017,0.8118964801071488
0.242415445,1.641602555,7,C,0.4505651242960811,0.9584813153516838
0.194380293,1.568954141,7,C,0.29666336236822044,0.7292915937186026
0.198166739,1.562036229,7,C,0.30879490950779653,0.7074671072878024
0.200735334,1.591999122,7,A,0.3170245346826911,0.8019934255910733
0.214449377,1.518545038,7,B,0.36096351047388764,0.5702619928199054
0.224101179,1.459002416,7,B,0.39188730839543584,0.3824181541163677
0.191014371,1.45528115,7,B,0.2858791490422846,0.3706783807104042
0.196838573,1.448163193,7,C,0.30453954486290724,0.3482227964298412
0.224863364,1.38657066,7,C,0.39432930367453867,0.1539119406836114
0.191856392,1.376970228,7,B,0.28857693410353025,0.12362469535383258
0.182015168,1.161105092,7,B,0.25704623939215,-0.5573821939380286
0.197799827,1.123597929,7,B,0.30761934534444224,-0.6757090200022093
0.175530751,1.158896914,7,B,0.23627055409037412,-0.564348508455731
0.206498952,1.114705001,7,B,0.33549082298087607,-0.7037642462707835
0.227568848,1.070772875,7,D,0.4029975130406219,-0.8423604134037567
0.247709178,1.081718492,7,B,0.4675259290807866,-0.8078294061152518
0.115331284,1.569602701,7,D,0.043395052449032245,0.7313376574614716
0.113810819,1.554366878,7,A,0.03852357327791095,0.6832719965618281
0.104928741,1.502909739,7,B,0.010065925141798326,0.5209360732553017
0.130904184,1.607525601,7,C,0.09328969519579366,0.8509760420588175
0.131820724,1.670368299,7,C,0.09622623468831698,1.0492308926229574
0.130284998,1.626918259,7,C,0.09130586018344555,0.9121556004831146
0.156810702,1.621297378,7,D,0.17629263366085424,0.894422960762684
0.163008736,1.676646069,7,B,0.19615076491208427,1.0690358722440751
0.141139241,1.616877637,7,C,0.12608220734881198,0.8804796527989298
0.172853034,1.629639775,7,C,0.2276913085361144,0.9207413831604898
0.169241192,1.576693767,7,C,0.21611918219819737,0.7537084065685592
0.184648417,1.582393988,7,B,0.2654830121267252,0.7716913464884454
0.164361121,1.519839825,7,D,0.20048372578841944,0.5743467602052488
0.218505726,1.583348482,7,D,0.37395981072696727,0.7747025645194464
0.236429216,1.524797115,7,B,0.43138560363163814,0.5899859166932959
0.127800322,1.555950859,7,B,0.08334510647916099,0.6882691072277554
0.130253013,1.526495819,7,B,0.09120338215120649,0.595344953119019
0.125162338,1.531818182,7,C,0.07489316308700716,0.612135834395522
0.1503549,1.49952225,7,C,0.15560862911232276,0.5102492926609573
0.13010136,1.476126967,7,D,0.09071749498462384,0.4364423352468946
0.145138071,1.416633948,7,D,0.13889422015664044,0.24875498306709912
0.15813912,1.427538173,7,D,0.1805488056987128,0.2831554077257088
0.167474231,1.456611752,7,A,0.21045794454545064,0.3748761365207981
0.16624707,1.384408369,7,B,0.20652619389606874,0.14709038952931175
0.134805875,0.980872139,7,C,0.10579048044152523,-1.125977405489078
0.139532256,0.974579144,7,A,0.12093352325821838,-1.1458304166269175
0.137730576,0.944997205,7,A,0.11516104800030336,-1.2391549090897098
0.160982084,1.267418713,7,D,0.18965749278473432,-0.2219861699753449
0.178631702,1.227963131,7,A,0.24620581613663473,-0.3464598282089743
0.162393162,1.173659674,7,B,0.19417850253229674,-0.5177752569744807
0.124846614,1.879705498,7,C,0.07388160222251955,1.7096435805896764
0.121865309,1.806883878,7,A,0.06432967882391477,1.4799074322317776
0.118989527,1.726962201,7,C,0.05511584482333892,1.2277721701449955
0.125868326,1.899170555,7,B,0.07715510653000751,1.7710515418894515
0.140212443,1.803945372,7,A,0.12311280183613205,1.4706370939673092
0.125055302,1.814629111,7,A,0.07455022612722173,1.5043419339299609
0.131602263,1.887071492,7,C,0.09552629867453016,1.732881666894092
0.151993021,1.898000268,7,B,0.1608570710897943,1.7673595445423271
0.150195274,1.846892169,7,B,0.15509719692929352,1.6061247654457593
0.15525071,1.919583728,7,D,0.17129451233934023,1.8354506000370656
0.158585389,1.905909725,7,A,0.18197862495677997,1.7923121367365467
0.148699552,1.762780269,7,B,0.150304992854364,1.3407702740589333
0.183215962,1.805516432,7,C,0.26089351174620445,1.4755934417283054
0.181649461,1.783783784,7,C,0.2558745359769229,1.4070317310009421
0.166894509,1.778195489,7,D,0.2086005498352529,1.3894018929228042
0.177117148,1.788826243,7,B,0.24135327545694896,1.422939576897705
0.17830278,1.822198696,7,C,0.2451519696673483,1.5282223049319759
0.1681011,1.719904129,7,B,0.21246639543154244,1.2055055098302048
0.187902093,1.831694151,7,A,0.27590759596362846,1.5581783709822195
0.204958434,1.80004414,7,A,0.33055509519382575,1.4583295675276255
0.194818871,1.723392306,7,B,0.29806854012102113,1.216509938855138
0.208883322,1.741015512,7,C,0.34313020224396107,1.2721072665190623
0.209077098,1.693505507,7,D,0.3437510489900967,1.1222236803373145
0.196793965,1.666760962,7,D,0.30439662349157326,1.0378505400819271
0.221633979,1.625195524,7,C,0.38398254675278676,0.9067207515530669
0.224878049,1.625243902,7,B,0.39437635353864464,0.9068733734720144
0.197536946,1.618472906,7,C,0.306777090300108,0.885512374614989
0.261771385,1.611657835,7,A,0.5125804015615711,0.864012328854875
0.281511304,1.688138743,7,B,0.5758259246404458,1.1052927236996317
0.262849205,1.614755363,7,B,0.5160336725544697,0.8737843464528185
0.204785077,1.32255822,6,B,0.32999966970578887,-0.04803318787286841
0.217553583,1.237459707,6,A,0.37090920134600225,-0.3165002256509973
0.201373124,1.213941642,6,B,0.31906797580139457,-0.3906945331922288
0.219787566,1.264948377,6,C,0.3780667496309933,-0.22977953515713928
0.235606224,1.221194522,6,C,0.4287487863513987,-0.3678132966075162
0.202733485,1.284453303,6,C,0.3234264913059972,-0.1682457959565306
0.243266725,1.256395405,6,D,0.453292574641069,-0.2567622752320372
0.240085845,1.242231968,6,B,0.4431012248462126,-0.3014447948448902
0.239039094,1.145506028,6,B,0.4397474970761882,-0.606593800070223
0.275637819,1.180715358,6,D,0.5570076290273318,-0.4955161302729537
0.283852898,1.16074038,6,D,0.5833282521509261,-0.5585327798511115
0.249970326,1.139347181,6,D,0.47477051240550805,-0.6260236038579663
0.304811206,1.142204629,6,D,0.6504774209143929,-0.6170089857040032
0.308483674,1.112718056,6,A,0.6622437893402424,-0.710032619472299
0.326086957,1.171784737,6,D,0.7186436581158165,-0.5236902696423354
0.162024037,1.249017185,6,A,0.192995848048938,-0.2800389318696839
0.168982644,1.214074446,6,C,0.21529080982741933,-0.3902755658656779
0.181023429,1.299277305,6,A,0.2538687667889078,-0.12147933947383001
0.193375687,1.256977657,6,A,0.29344466466443675,-0.2549253986031776
0.176571184,1.245190252,6,D,0.23960403936523877,-0.292112061352985
0.207990085,1.28045491,6,D,0.3402683241735188,-0.1808598439197755
0.178958083,1.199037661,6,B,0.24725152139348028,-0.4377133057784375
0.191236539,1.193650204,6,A,0.28659096206296564,-0.45470954426672944
0.220804145,1.20285961,6,A,0.38132380811264166,-0.425655899715783
0.209683078,1.117062332,6,B,0.3456925727661231,-0.6963273869377354
0.19841645,1.115575514,6,B,0.3095949686576617,-0.7010179697705419
0.218359853,1.189840881,6,C,0.3734924423356336,-0.4667271180843836
0.212190585,1.006295607,6,A,0.3537264756326415,-1.045771971770077
0.254777985,0.999856301,6,D,0.49017396508633504,-1.06608656184014
0.248065544,1.071612805,6,C,0.4686677044891623,-0.839710619522623
0.159071709,1.435869403,6,B,0.18353676522998574,0.3094386007016929
0.175388471,1.437192982,6,A,0.23581469745673422,0.3136142004961959
0.161291943,1.453787422,6,B,0.1906502625390426,0.3659659983517812
0.166827822,1.482434088,6,C,0.20838688866483157,0.4563399107988699
0.167754995,1.539375735,6,A,0.2113574956551444,0.6359782470915132
0.168569731,1.553758828,6,A,0.21396786120381717,0.6813537329334032
0.168416596,1.481033023,6,D,0.21347722579762918,0.45191985976596144
0.190680941,1.474464724,6,D,0.28481085920988014,0.43119832523373
0.197944122,1.516605166,6,A,0.3080816579178963,0.5641421245501888
0.191212086,1.433514012,6,D,0.28651261610947676,0.30200786164072624
0.213899341,1.543273754,6,A,0.3592012279370539,0.6482756372249097
0.206128801,1.520110127,6,D,0.33430488125471347,0.5751995033929643
0.208852411,1.443353364,6,A,0.3430311652436626,0.3330488468703542
0.195326279,1.443268665,6,D,0.2996942450884227,0.33278164020796763
0.23307601,1.495249406,6,C,0.4206421316112504,0.49676941233016825
0.172248804,1.380807584,6,D,0.22575539165570835,0.13573070710306412
0.175116046,1.403294803,6,C,0.23494186400565664,0.20667292289475578
0.178075791,1.486846409,6,A,0.2444247104502183,0.4702598102993022
0.175388967,1.415134371,6,D,0.23581628661115006,0.24402414840362796
0.176061822,1.448511352,6,A,0.23797207389838448,0.34932116127912777
0.19878467,1.504422117,6,B,0.3107747235749997,0.5257072922501723
0.187760888,1.324328582,6,B,0.27545518356586973,-0.04244808626322018
0.193360795,1.431225265,6,A,0.2933969515846774,0.29478736969965535
0.212621597,1.470285294,6,D,0.3551074123727199,0.41801314546800317
0.223079265,1.209073379,6,B,0.38861315689199627,-0.4060528291325456
0.227768629,1.224166324,6,D,0.40363759944858646,-0.35843791680736475
0.213177471,1.335069075,6,B,0.3568883995133433,-0.008564199949169475
0.23609175,1.185527816,6,D,0.43030438269596283,-0.4803338867983627
0.266446951,1.251869692,6,D,0.5275606361491497,-0.27103990148085216
0.219620088,1.271922977,6,A,0.37753016010830054,-0.20777621059038306
0.162297795,1.169665261,6,A,0.19387295235250812,-0.5303767489156203
0.164335285,1.215300369,6,A,0.20040094878542025,-0.38640804921055044
0.179313011,1.282803181,6,D,0.2483886895356261,-0.1734515668883039
0.186212815,1.116132723,6,D,0.2704952500094412,-0.6992600982827841
0.199654154,1.172634916,6,B,0.3135604984502012,-0.521008142426891
0.181400438,1.206126915,6,B,0.2550766811380215,-0.41534827313166534
0.196222819,1.06887291,6,A,0.3025667057738558,-0.8483543838910215
0.193372083,1.135594691,6,C,0.2934331176633991,-0.6378618820966474
0.215560314,1.160778016,6,D,0.3645228863595068,-0.5584140465727305
0.230900036,0.990525932,6,B,0.4136704407022841,-1.0955218179744848
0.234254419,1.072068708,6,B,0.42441768376046907,-0.8382723461191365
0.232154098,1.107893743,6,D,0.41768838055114266,-0.7252522628569554
0.29021658,0.933980583,6,B,0.6037171097140002,-1.2739099214911764
0.278403899,1.006853488,6,C,0.5658699843631371,-1.0440119802705465
0.276162791,1.040544676,6,D,0.5586896080031201,-0.9377237136167444
0.227372558,0.940527107,6,D,0.40236861158843507,-1.2532570822808904
0.221327733,1.027476374,6,A,0.38300135283497916,-0.9789513238657038
0.20709067,1.074200503,6,D,0.33738665215956654,-0.8315470031181347
0.24111071,0.85712225,6,D,0.4463848311776384,-1.516381008959826
0.238032977,0.957071257,6,B,0.43652395821852885,-1.2010639382825101
0.232964942,0.93244529,6,B,0.42028627636395566,-1.2787534322565348
0.270820031,0.782176412,6,A,0.5415717236346539,-1.7528185965550351
0.255582211,0.882450637,6,C,0.49275065722188194,-1.4364755348231852
0.241814996,0.881029235,6,C,0.44864132151415537,-1.4409597446052285
0.262620264,0.781327949,6,B,0.5153001592457678,-1.7554953101689892
0.247164694,0.783653846,6,D,0.46578143482080114,-1.7481576181723377
0.271693449,0.854758962,6,A,0.5443701028112099,-1.5238366613138994
0.276836158,0.689265537,6,B,0.5608470357078159,-2.045931913219264
0.255963991,0.75483871,6,D,0.4939738575704271,-1.8390630163088941
0.247632142,0.800336083,6,A,0.4672791103316365,-1.6955288401477122
0.163218265,1.194610614,6,B,0.19682208333062468,-0.45167966256065967
0.168280011,1.194640416,6,D,0.2130396156043084,-0.4515856438242821
0.166874898,1.17475148,6,D,0.2085377173609606,-0.5143308498712873
0.172671508,1.126489459,6,B,0.22710971005932146,-0.6665868806559364
0.185299481,1.171693085,6,A,0.2675689823496944,-0.5239794114860532
0.176125521,1.161283483,6,A,0.23817616169502642,-0.5568194096819004
0.191671936,1.175503568,6,A,0.2879859480814986,-0.5119581781242676
0.206861756,1.196037061,6,D,0.33665322535725406,-0.44717953691642526
0.185002245,1.155904805,6,B,0.26661665593448103,-0.5737879523616344
0.218096299,1.162520114,6,C,0.3726480310394409,-0.5529181116487065
0.221993709,1.141422695,6,A,0.385135100216515,-0.6194758149976953
0.23522345,1.104757328,6,B,0.42752240128614105,-0.7351469603623381
0.243714645,1.104494029,6,D,0.45472768360466154,-0.7359776106297516
0.269866247,1.136585366,6,D,0.5385158565875672,-0.6347365209913266
0.242514036,1.085620711,6,A,0.45088100397957265,-0.7955187659082774
0.234914886,1.344585295,6,C,0.4265337806345918,0.021457375095801617
0.220442906,1.372285941,6,D,0.38016641990291844,0.10884680311272336
0.221094599,1.314824212,6,A,0.3822544054043707,-0.07243227717202369
0.23414681,1.429285165,6,A,0.4240729109428606,0.2886667821402309
0.231451459,1.415601755,6,D,0.4154371671043895,0.2454986418296752
0.233004231,1.332487071,6,A,0.420412155976544,-0.016709853039620925
0.24950666,1.383078441,6,C,0.4732849541970934,0.1428947600402494
0.266186156,1.3622468,6,C,0.526725064524395,0.07717552765686536
0.224613153,1.336073501,6,C,0.3935276425544961,-0.00539545747199692
0.285181582,1.375972763,6,C,0.5875852764369189,0.12047791329622654
0.270857331,1.398058252,6,B,0.541691230609877,0.1901527595501375
0.24691358,1.304633638,6,D,0.46497688054261854,-0.10458129034031245
0.278201525,1.308912084,6,A,0.5652215901378332,-0.09108373693519434
0.280629986,1.362446308,6,B,0.5730022343350889,0.07780493139007764
0.278823058,1.29703763,6,A,0.5672129447981935,-0.12854502007903318
0.241063856,1.360293227,6,C,0.4462347137562681,0.07101243575426855
0.228564547,1.375361272,6,A,0.406187673247668,0.11854879407180459
0.224226496,1.257854498,6,C,0.39228881658884207,-0.25215915865874516
0.255319149,1.379201357,6,A,0.4919078222643437,0.13066341521408265
0.246278342,1.390945874,6,A,0.46294161587969984,0.16771477578397784
0.240103973,1.335982176,6,D,0.4431593058769593,-0.005683567702843268
0.269950936,1.340742966,6,C,0.5387871950922501,0.009335674628497916
0.261535479,1.29691741,6,D,0.5118245728082998,-0.12892428766131936
0.237008629,1.297315436,6,B,0.4332420083242663,-0.12766860342652325
0.308111989,1.420244078,6,D,0.661052932769576,0.260144146907059
0.328326783,1.364823133,6,D,0.7258199270242992,0.08530328999320633
0.293434692,1.364478231,6,C,0.6140277486161356,0.0842152002605017
0.355213055,1.430825023,6,B,0.8119619388674532,0.29352469447365703
0.365353187,1.404031233,6,B,0.8444503169823195,0.20899619710556275
0.365278026,1.370999464,6,B,0.844209505621334,0.10478825194438918
